市町村,,,令和２年３月19日現在,,,
法人番号,名称,所在地,備考,,,
9000020011002,札幌市,北海道札幌市中央区北一条西２丁目,,,,
9000020012025,函館市,北海道函館市東雲町４－１３,,,,
9000020012033,小樽市,北海道小樽市花園２丁目１２－１,,,,
9000020012041,旭川市,北海道旭川市六条通９丁目４６番地,,,,
8000020012050,室蘭市,北海道室蘭市幸町１－２,,,,
7000020012068,釧路市,北海道釧路市黒金町７丁目５,,,,
7000020012076,帯広市,北海道帯広市西五条南７丁目１,,,,
7000020012084,北見市,北海道北見市大通西２丁目１番地,,,,
7000020012092,夕張市,北海道夕張市本町４丁目２,,,,
2000020012106,岩見沢市,北海道岩見沢市鳩が丘１丁目１番１号,,,,
2000020012114,網走市,北海道網走市南六条東４丁目１,,,,
2000020012122,留萌市,北海道留萌市幸町１丁目１１,,,,
1000020012131,苫小牧市,北海道苫小牧市旭町４丁目５－６,,,,
9000020012149,稚内市,北海道稚内市中央３丁目１３－１５,,,,
9000020012157,美唄市,北海道美唄市西三条南１丁目１－１,,,,
9000020012165,芦別市,北海道芦別市北一条東１丁目３,,,,
9000020012173,江別市,北海道江別市高砂町６,,,,
9000020012181,赤平市,北海道赤平市泉町４丁目１,,,,
8000020012190,紋別市,北海道紋別市幸町２丁目１－１８,,,,
4000020012203,士別市,北海道士別市東六条４丁目１番地,,,,
4000020012211,名寄市,北海道名寄市大通南１丁目１,,,,
3000020012220,三笠市,北海道三笠市幸町２,,,,
2000020012238,根室市,北海道根室市常盤町２丁目２７番地,,,,
2000020012246,千歳市,北海道千歳市東雲町２丁目３４,,,,
2000020012254,滝川市,北海道滝川市大町１丁目２－１５,,,,
2000020012262,砂川市,北海道砂川市西六条北３丁目１－１,,,,
1000020012271,歌志内市,北海道歌志内市字本町５,,,,
9000020012289,深川市,北海道深川市二条１７－１７,,,,
9000020012297,富良野市,北海道富良野市弥生町１－１,,,,
5000020012301,登別市,北海道登別市中央町６丁目１１,,,,
4000020012319,恵庭市,北海道恵庭市京町１,,,,
4000020012335,伊達市,北海道伊達市鹿島町２０－１,,,,
4000020012343,北広島市,北海道北広島市中央４丁目２－１,,,,
4000020012351,石狩市,北海道石狩市花川北六条１丁目３０－２,,,,
3000020012360,北斗市,北海道北斗市中央１丁目３－１０,,,,
1000020013030,当別町,北海道石狩郡当別町白樺町５８－９,,,,
9000020013048,新篠津村,北海道石狩郡新篠津村第４７線北１３番地,,,,
6000020013315,松前町,北海道松前郡松前町字福山２４８－１,,,,
6000020013323,福島町,北海道松前郡福島町字福島８２０,,,,
6000020013331,知内町,北海道上磯郡知内町字重内２１－１,,,,
5000020013340,木古内町,北海道上磯郡木古内町字本町２１８番地,,,,
4000020013374,七飯町,北海道亀田郡七飯町本町６丁目１－１,,,,
6000020013439,鹿部町,北海道茅部郡鹿部町字宮浜２９９,,,,
6000020013455,森町,北海道茅部郡森町字御幸町１４４－１,,,,
6000020013463,八雲町,北海道二海郡八雲町住初町１３８,,,,
6000020013471,長万部町,北海道山越郡長万部町字長万部４５３－１,,,,
1000020013617,江差町,北海道檜山郡江差町字中歌町１９３－１,,,,
1000020013625,上ノ国町,北海道檜山郡上ノ国町字大留１００,,,,
1000020013633,厚沢部町,北海道檜山郡厚沢部町新町２０７,,,,
1000020013641,乙部町,北海道爾志郡乙部町字緑町３８８,,,,
8000020013676,奥尻町,北海道奥尻郡奥尻町字奥尻８０６,,,,
3000020013706,今金町,北海道瀬棚郡今金町字今金４８－１,,,,
3000020013714,せたな町,北海道久遠郡せたな町北檜山区徳島６３－１,,,,
5000020013919,島牧村,北海道島牧郡島牧村字泊８３－１,,,,
5000020013927,寿都町,北海道寿都郡寿都町字渡島町１４０－１,,,,
5000020013935,黒松内町,北海道寿都郡黒松内町字黒松内３０２－１,,,,
5000020013943,蘭越町,北海道磯谷郡蘭越町蘭越町２５８－５,,,,
5000020013951,ニセコ町,北海道虻田郡ニセコ町字富士見４７,,,,
4000020013960,真狩村,北海道虻田郡真狩村字真狩１１８,,,,
3000020013978,留寿都村,北海道虻田郡留寿都村字留寿都１７５,,,,
3000020013986,喜茂別町,北海道虻田郡喜茂別町字喜茂別１２３,,,,
3000020013994,京極町,北海道虻田郡京極町字京極５２７,,,,
4000020014001,倶知安町,北海道虻田郡倶知安町北一条東３丁目３,,,,
3000020014010,共和町,北海道岩内郡共和町南幌似３８－２,,,,
2000020014028,岩内町,北海道岩内郡岩内町字高台１３４番地１,,,,
2000020014036,泊村,北海道古宇郡泊村大字茅沼村字臼別１９１－７,,,,
2000020014044,神恵内村,北海道古宇郡神恵内村大字神恵内村８１－４,,,,
2000020014052,積丹町,北海道積丹郡積丹町大字美国町字船澗４８－５,,,,
1000020014061,古平町,北海道古平郡古平町大字浜町４０－４,,,,
9000020014079,仁木町,北海道余市郡仁木町西町１丁目３６－１,,,,
9000020014087,余市町,北海道余市郡余市町朝日町２６,,,,
9000020014095,赤井川村,北海道余市郡赤井川村字赤井川７４－２,,,,
5000020014231,南幌町,北海道空知郡南幌町栄町３丁目２－１,,,,
4000020014249,奈井江町,北海道空知郡奈井江町字奈井江１１番地,,,,
4000020014257,上砂川町,北海道空知郡上砂川町字上砂川町４０番地１０（中央北１条５丁目１番７号）,,,,
4000020014273,由仁町,北海道夕張郡由仁町新光２００,,,,
4000020014281,長沼町,北海道夕張郡長沼町中央北１丁目１－１,,,,
3000020014290,栗山町,北海道夕張郡栗山町松風３丁目２５２,,,,
8000020014303,月形町,北海道樺戸郡月形町１２１９,,,,
8000020014311,浦臼町,北海道樺戸郡浦臼町字ウラウスナイ１８３－１５,,,,
7000020014320,新十津川町,北海道樺戸郡新十津川町字中央３０１－１,,,,
6000020014338,妹背牛町,北海道雨竜郡妹背牛町字妹背牛５２００,,,,
6000020014346,秩父別町,北海道雨竜郡秩父別町字秩父別４１０１,,,,
6000020014362,雨竜町,北海道雨竜郡雨竜町字フシコウリウ１０４,,,,
5000020014371,北竜町,北海道雨竜郡北竜町字和１１－１,,,,
4000020014389,沼田町,北海道雨竜郡沼田町南一条３丁目６－５３,,,,
1000020014524,鷹栖町,北海道上川郡鷹栖町南一条３丁目５－１,,,,
1000020014532,東神楽町,北海道上川郡東神楽町南一条西１丁目３－２,,,,
9000020014541,当麻町,北海道上川郡当麻町三条東２丁目１１－１,,,,
8000020014559,比布町,北海道上川郡比布町北町１丁目２－１,,,,
8000020014567,愛別町,北海道上川郡愛別町字本町１７９,,,,
8000020014575,上川町,北海道上川郡上川町南町１８０,,,,
8000020014583,東川町,北海道上川郡東川町東町１丁目１６－１,,,,
8000020014591,美瑛町,北海道上川郡美瑛町本町４丁目６－１,,,,
3000020014605,上富良野町,北海道空知郡上富良野町大町２丁目２－１１,,,,
3000020014613,中富良野町,北海道空知郡中富良野町本町９－１,,,,
3000020014621,南富良野町,北海道空知郡南富良野町字幾寅８６７,,,,
2000020014630,占冠村,北海道勇払郡占冠村字中央,,,,
1000020014648,和寒町,北海道上川郡和寒町字西町１２０,,,,
1000020014656,剣淵町,北海道上川郡剣淵町仲町３７－１,,,,
9000020014681,下川町,北海道上川郡下川町幸町６３,,,,
8000020014699,美深町,北海道中川郡美深町字西町１８,,,,
5000020014702,音威子府村,北海道中川郡音威子府村字音威子府４４４－１,,,,
4000020014711,中川町,北海道中川郡中川町字中川３３７,,,,
3000020014729,幌加内町,北海道雨竜郡幌加内町字幌加内４６９９,,,,
5000020014818,増毛町,北海道増毛郡増毛町弁天町３丁目６１,,,,
5000020014826,小平町,北海道留萌郡小平町字小平町２１６,,,,
5000020014834,苫前町,北海道苫前郡苫前町字旭３７－１,,,,
5000020014842,羽幌町,北海道苫前郡羽幌町南町１－１,,,,
4000020014851,初山別村,北海道苫前郡初山別村字初山別９６－１,,,,
3000020014869,遠別町,北海道天塩郡遠別町字本町３丁目３７,,,,
3000020014877,天塩町,北海道天塩郡天塩町新栄通８丁目１４６６－１１３,,,,
6000020015113,猿払村,北海道宗谷郡猿払村鬼志別西町１７２番地１,,,,
6000020015121,浜頓別町,北海道枝幸郡浜頓別町中央南１,,,,
5000020015130,中頓別町,北海道枝幸郡中頓別町字中頓別１７２番６,,,,
4000020015148,枝幸町,北海道枝幸郡枝幸町本町９１６,,,,
4000020015164,豊富町,北海道天塩郡豊富町字上サロベツ２５４２－２,,,,
4000020015172,礼文町,北海道礼文郡礼文町大字香深村字トンナイ５５８－５,,,,
3000020015181,利尻町,北海道利尻郡利尻町沓形字緑町１４－１,,,,
2000020015199,利尻富士町,北海道利尻郡利尻富士町鴛泊字富士野６,,,,
8000020015202,幌延町,北海道天塩郡幌延町宮園町１－１,,,,
1000020015431,美幌町,北海道網走郡美幌町字東二条北２丁目２５,,,,
9000020015440,津別町,北海道網走郡津別町字幸町４１,,,,
8000020015458,斜里町,北海道斜里郡斜里町本町１２,,,,
8000020015466,清里町,北海道斜里郡清里町羽衣町１３,,,,
8000020015474,小清水町,北海道斜里郡小清水町元町２丁目１－１,,,,
7000020015491,訓子府町,北海道常呂郡訓子府町東町３９８,,,,
3000020015504,置戸町,北海道常呂郡置戸町字置戸１８１,,,,
2000020015521,佐呂間町,北海道常呂郡佐呂間町字永代町３－１,,,,
1000020015555,遠軽町,北海道紋別郡遠軽町一条通北３丁目１－１,,,,
8000020015598,湧別町,北海道紋別郡湧別町上湧別屯田市街地３１８,,,,
5000020015601,滝上町,北海道紋別郡滝上町字滝ノ上市街地四条通２丁目１,,,,
4000020015610,興部町,北海道紋別郡興部町字興部７１０,,,,
3000020015628,西興部村,北海道紋別郡西興部村字西興部１００,,,,
3000020015636,雄武町,北海道紋別郡雄武町字雄武７００,,,,
3000020015644,大空町,北海道網走郡大空町女満別西三条４丁目２,,,,
5000020015717,豊浦町,北海道虻田郡豊浦町字船見町１０,,,,
4000020015750,壮瞥町,北海道有珠郡壮瞥町字滝之町２８７番地７,,,,
3000020015784,白老町,北海道白老郡白老町大町１丁目１－１,,,,
7000020015814,厚真町,北海道勇払郡厚真町京町１２０,,,,
5000020015849,洞爺湖町,北海道虻田郡洞爺湖町栄町５８,,,,
5000020015857,安平町,北海道勇払郡安平町早来大町９５,,,,
5000020015865,むかわ町,北海道勇払郡むかわ町美幸２丁目８８,,,,
6000020016012,日高町,北海道沙流郡日高町門別本町２１０－１,,,,
5000020016021,平取町,北海道沙流郡平取町本町２８,,,,
4000020016047,新冠町,北海道新冠郡新冠町字北星町３－２,,,,
4000020016071,浦河町,北海道浦河郡浦河町築地１丁目３－１,,,,
3000020016080,様似町,北海道様似郡様似町大通１丁目２１,,,,
2000020016098,えりも町,北海道幌泉郡えりも町字本町２０６,,,,
8000020016101,新ひだか町,北海道日高郡新ひだか町静内御幸町３丁目２－５０,,,,
1000020016314,音更町,北海道河東郡音更町元町２,,,,
1000020016322,士幌町,北海道河東郡士幌町字士幌２２５,,,,
9000020016331,上士幌町,北海道河東郡上士幌町字上士幌東３線２３８,,,,
8000020016349,鹿追町,北海道河東郡鹿追町東町１丁目１５,,,,
8000020016357,新得町,北海道上川郡新得町三条南４丁目２６,,,,
8000020016365,清水町,北海道上川郡清水町南四条２丁目２,,,,
8000020016373,芽室町,北海道河西郡芽室町東二条２丁目１４,,,,
8000020016381,中札内村,北海道河西郡中札内村大通南２丁目３,,,,
7000020016390,更別村,北海道河西郡更別村字更別南１線９３,,,,
3000020016411,大樹町,北海道広尾郡大樹町東本通３３,,,,
2000020016420,広尾町,北海道広尾郡広尾町西四条７丁目１－１,,,,
1000020016438,幕別町,北海道中川郡幕別町本町１３０番地１,,,,
1000020016446,池田町,北海道中川郡池田町字西一条７丁目１１,,,,
1000020016454,豊頃町,北海道中川郡豊頃町茂岩本町１２５,,,,
1000020016462,本別町,北海道中川郡本別町北２丁目４－１,,,,
9000020016471,足寄町,北海道足寄郡足寄町北一条４丁目４８－１,,,,
8000020016489,陸別町,北海道足寄郡陸別町字陸別東一条３丁目１,,,,
8000020016497,浦幌町,北海道十勝郡浦幌町字桜町１５－６,,,,
5000020016616,釧路町,北海道釧路郡釧路町別保１丁目１,,,,
5000020016624,厚岸町,北海道厚岸郡厚岸町真栄３丁目１,,,,
5000020016632,浜中町,北海道厚岸郡浜中町霧多布東四条１丁目３５－１,,,,
4000020016641,標茶町,北海道川上郡標茶町川上４丁目２,,,,
3000020016659,弟子屈町,北海道川上郡弟子屈町中央２丁目３－１,,,,
3000020016675,鶴居村,北海道阿寒郡鶴居村鶴居西１丁目１,,,,
3000020016683,白糠町,北海道白糠郡白糠町西一条南１丁目１－１,,,,
9000020016918,別海町,北海道野付郡別海町別海常盤町２８０,,,,
9000020016926,中標津町,北海道標津郡中標津町丸山２丁目２２,,,,
9000020016934,標津町,北海道標津郡標津町北二条西１丁目１番３号,,,,
9000020016942,羅臼町,北海道目梨郡羅臼町栄町１００－８３,,,,
4000020022012,青森市,青森県青森市中央１丁目２２－５,,,,
3000020022021,弘前市,青森県弘前市大字上白銀町１－１,,,,
2000020022039,八戸市,青森県八戸市内丸１丁目１－１,,,,
2000020022047,黒石市,青森県黒石市大字市ノ町１１－１,,,,
2000020022055,五所川原市,青森県五所川原市字布屋町４１番地１,,,,
2000020022063,十和田市,青森県十和田市西十二番町６－１,,,,
2000020022071,三沢市,青森県三沢市桜町１丁目１－３８,,,,
1000020022080,むつ市,青森県むつ市中央１丁目８－１,,,,
9000020022098,つがる市,青森県つがる市木造若緑６１－１,,,,
6000020022101,平川市,青森県平川市柏木町藤山２５－６,,,,
4000020023019,平内町,青森県東津軽郡平内町大字小湊字小湊６３,,,,
4000020023035,今別町,青森県東津軽郡今別町大字今別字今別１６７,,,,
4000020023043,蓬田村,青森県東津軽郡蓬田村大字蓬田字汐越１－３,,,,
2000020023078,外ヶ浜町,青森県東津軽郡外ヶ浜町字蟹田高銅屋４４－２,,,,
8000020023213,鰺ヶ沢町,青森県西津軽郡鰺ヶ沢町大字本町２０９－２,,,,
7000020023230,深浦町,青森県西津軽郡深浦町大字深浦字苗代沢８４－２,,,,
1000020023434,西目屋村,青森県中津軽郡西目屋村大字田代字稲元１４４,,,,
5000020023612,藤崎町,青森県南津軽郡藤崎町大字西豊田１丁目１,,,,
4000020023621,大鰐町,青森県南津軽郡大鰐町大字大鰐字羽黒館５－３,,,,
3000020023671,田舎館村,青森県南津軽郡田舎館村大字田舎舘字中辻１２３－１,,,,
7000020023817,板柳町,青森県北津軽郡板柳町大字板柳字土井２３９－３,,,,
7000020023841,鶴田町,青森県北津軽郡鶴田町大字鶴田字早瀬２００－１,,,,
5000020023876,中泊町,青森県北津軽郡中泊町大字中里字紅葉坂２０９,,,,
6000020024015,野辺地町,青森県上北郡野辺地町字野辺地１２３－１,,,,
6000020024023,七戸町,青森県上北郡七戸町字森ノ上１３１－４,,,,
4000020024058,六戸町,青森県上北郡六戸町大字犬落瀬字前谷地６０,,,,
4000020024066,横浜町,青森県上北郡横浜町字寺下３５,,,,
4000020024082,東北町,青森県上北郡東北町上北南４丁目３２－４８４,,,,
8000020024112,六ヶ所村,青森県上北郡六ヶ所村大字尾駮字野附４７５,,,,
7000020024121,おいらせ町,青森県上北郡おいらせ町中下田１３５－２,,,,
8000020024236,大間町,青森県下北郡大間町大字大間字大間１０４,,,,
8000020024244,東通村,青森県下北郡東通村大字砂子又字沢内５－３４,,,,
8000020024252,風間浦村,青森県下北郡風間浦村大字易国間字大川目２８－５,,,,
7000020024261,佐井村,青森県下北郡佐井村大字佐井字糠森２０,,,,
3000020024414,三戸町,青森県三戸郡三戸町大字在府小路町４３,,,,
3000020024422,五戸町,青森県三戸郡五戸町字古舘２１－１,,,,
2000020024431,田子町,青森県三戸郡田子町大字田子字天神堂平８１,,,,
1000020024457,南部町,青森県三戸郡南部町大字苫米地字下宿２３－１,,,,
1000020024465,階上町,青森県三戸郡階上町大字道仏字天当平１－８７,,,,
5000020024503,新郷村,青森県三戸郡新郷村大字戸来字風呂前１０,,,,
6000020032018,盛岡市,岩手県盛岡市内丸１２番２号,,,,
6000020032026,宮古市,岩手県宮古市宮町１丁目１番３０号,,,,
6000020032034,大船渡市,岩手県大船渡市盛町字宇津野沢１５番地,,,,
5000020032051,花巻市,岩手県花巻市花城町９番３０号,,,,
4000020032069,北上市,岩手県北上市芳町１番１号,,,,
4000020032077,久慈市,岩手県久慈市川崎町１番１号,,,,
4000020032085,遠野市,岩手県遠野市中央通り９番１号,,,,
4000020032093,一関市,岩手県一関市竹山町７番２,,,,
8000020032107,陸前高田市,岩手県陸前高田市高田町字鳴石４２番地５,,,,
8000020032115,釜石市,岩手県釜石市只越町３丁目９番１３号,,,,
8000020032131,二戸市,岩手県二戸市福岡字川又４７番地,,,,
7000020032140,八幡平市,岩手県八幡平市野駄第２１地割１７０番地,,,,
6000020032158,奥州市,岩手県奥州市水沢大手町１丁目１番地,,,,
8000020033014,雫石町,岩手県岩手郡雫石町千刈田５番地１,,,,
8000020033022,葛巻町,岩手県岩手郡葛巻町葛巻第１６地割１番地１,,,,
7000020033031,岩手町,岩手県岩手郡岩手町大字五日市第１０地割４４番地,,,,
6000020032166,滝沢市,岩手県滝沢市中鵜飼５５,,,,
1000020033219,紫波町,岩手県紫波郡紫波町紫波中央駅前２丁目３番地１,,,,
1000020033227,矢巾町,岩手県紫波郡矢巾町大字南矢幅第１３地割１２３番地,,,,
5000020033669,西和賀町,岩手県和賀郡西和賀町川尻４０地割４０番地７１,,,,
2000020033812,金ケ崎町,岩手県胆沢郡金ケ崎町西根南町２２番地１,,,,
8000020034029,平泉町,岩手県西磐井郡平泉町平泉字志羅山４５番地２,,,,
6000020034410,住田町,岩手県気仙郡住田町世田米字川向８８番地１,,,,
9000020034614,大槌町,岩手県上閉伊郡大槌町上町１番３号,,,,
2000020034827,山田町,岩手県下閉伊郡山田町八幡町３番２０号,,,,
2000020034835,岩泉町,岩手県下閉伊郡岩泉町岩泉字惣畑５９番地５,,,,
2000020034843,田野畑村,岩手県下閉伊郡田野畑村田野畑１４３番地１,,,,
2000020034851,普代村,岩手県下閉伊郡普代村第９地割字銅屋１３番地２,,,,
1000020035017,軽米町,岩手県九戸郡軽米町大字軽米第１０地割８５番地,,,,
1000020035033,野田村,岩手県九戸郡野田村大字野田第２０地割１４番地,,,,
8000020035068,九戸村,岩手県九戸郡九戸村大字伊保内第１０地割１１番地６,,,,
8000020035076,洋野町,岩手県九戸郡洋野町種市第２３地割２７番地,,,,
3000020035246,一戸町,岩手県二戸郡一戸町高善寺字大川鉢２４番地９,,,,
8000020041009,仙台市,宮城県仙台市青葉区国分町３丁目７－１,,,,
1000020042021,石巻市,宮城県石巻市穀町１４－１,,,,
9000020042030,塩竈市,宮城県塩竈市旭町１－１,,,,
8000020042056,気仙沼市,宮城県気仙沼市八日町１丁目１－１,,,,
8000020042064,白石市,宮城県白石市大手町１－１,,,,
8000020042072,名取市,宮城県名取市増田字柳田８０,,,,
7000020042081,角田市,宮城県角田市角田字大坊４１,,,,
6000020042099,多賀城市,宮城県多賀城市中央２丁目１－１,,,,
2000020042111,岩沼市,宮城県岩沼市桜１丁目６－２０,,,,
1000020042129,登米市,宮城県登米市迫町佐沼字中江２丁目６－１,,,,
1000020042137,栗原市,宮城県栗原市築館薬師１丁目７番１号,,,,
1000020042145,東松島市,宮城県東松島市矢本字上河戸３６－１,,,,
1000020042153,大崎市,宮城県大崎市古川七日町１－１,,,,
1000020042161,富谷市,宮城県富谷市富谷坂松田３０番地,,,,
2000020043010,蔵王町,宮城県刈田郡蔵王町大字円田字西浦北１０,,,,
1000020043028,七ケ宿町,宮城県刈田郡七ヶ宿町字関１２６,,,,
5000020043214,大河原町,宮城県柴田郡大河原町字新南１９,,,,
5000020043222,村田町,宮城県柴田郡村田町大字村田字迫６,,,,
4000020043231,柴田町,宮城県柴田郡柴田町船岡中央２丁目３－４５,,,,
3000020043249,川崎町,宮城県柴田郡川崎町大字前川字裏丁１７５－１,,,,
7000020043419,丸森町,宮城県伊具郡丸森町字鳥屋１２０,,,,
2000020043613,亘理町,宮城県亘理郡亘理町字下小路７－４,,,,
2000020043621,山元町,宮城県亘理郡山元町浅生原字作田山３２,,,,
3000020044016,松島町,宮城県宮城郡松島町高城字帰命院下一１９番地の１,,,,
2000020044041,七ヶ浜町,宮城県宮城郡七ヶ浜町東宮浜字丑谷辺５－１,,,,
1000020044067,利府町,宮城県宮城郡利府町利府字新並松４,,,,
6000020044211,大和町,宮城県黒川郡大和町吉岡まほろば１丁目１番地の１,,,,
5000020044229,大郷町,宮城県黒川郡大郷町粕川字西長崎５－８,,,,
5000020044237,富谷町,宮城県黒川郡富谷町富谷字坂松田３０,平成28年10月10日 市制移行により閉鎖,,,
5000020044245,大衡村,宮城県黒川郡大衡村大衡字平林６２,,,,
8000020044440,色麻町,宮城県加美郡色麻町四竃字北谷地４１,,,,
7000020044458,加美町,宮城県加美郡加美町字西田三番５,,,,
5000020045012,涌谷町,宮城県遠田郡涌谷町字新町裏１５３－２,,,,
3000020045055,美里町,宮城県遠田郡美里町北浦字駒米１３,,,,
7000020045811,女川町,宮城県牡鹿郡女川町女川１丁目１番地１,,,,
4000020046060,南三陸町,宮城県本吉郡南三陸町志津川字沼田１０１番地,,,,
3000020052019,秋田市,秋田県秋田市山王１丁目１－１,,,,
3000020052027,能代市,秋田県能代市上町１－３,,,,
3000020052035,横手市,秋田県横手市中央町８－２,,,,
3000020052043,大館市,秋田県大館市字中城２０,,,,
2000020052060,男鹿市,秋田県男鹿市船川港船川字泉台６６－１,,,,
1000020052078,湯沢市,秋田県湯沢市佐竹町１－１,,,,
1000020052094,鹿角市,秋田県鹿角市花輪字荒田４－１,,,,
5000020052108,由利本荘市,秋田県由利本荘市尾崎１７,,,,
5000020052116,潟上市,秋田県潟上市天王字棒沼台２２６－１,,,,
5000020052124,大仙市,秋田県大仙市大曲花園町１－１,,,,
5000020052132,北秋田市,秋田県北秋田市花園町１９－１,,,,
4000020052141,にかほ市,秋田県にかほ市象潟町字浜ノ田１,,,,
3000020052159,仙北市,秋田県仙北市田沢湖生保内字宮ノ後３０,,,,
5000020053031,小坂町,秋田県鹿角郡小坂町小坂字上谷地４１－１,,,,
5000020053279,上小阿仁村,秋田県北秋田郡上小阿仁村小沢田字向川原１１８,,,,
9000020053465,藤里町,秋田県山本郡藤里町藤琴字藤琴８,,,,
9000020053481,三種町,秋田県山本郡三種町鵜川字岩谷子８,,,,
8000020053490,八峰町,秋田県山本郡八峰町峰浜目名潟字目長田１１８,,,,
4000020053619,五城目町,秋田県南秋田郡五城目町西磯ノ目１丁目１－１,,,,
4000020053635,八郎潟町,秋田県南秋田郡八郎潟町字大道８０,,,,
3000020053660,井川町,秋田県南秋田郡井川町北川尻字海老沢樋ノ口７８－１,,,,
2000020053686,大潟村,秋田県南秋田郡大潟村字中央１－１,,,,
9000020054348,美郷町,秋田県仙北郡美郷町土崎字上野乙１７０－１０,,,,
6000020054631,羽後町,秋田県雄勝郡羽後町西馬音内字中野１７７,,,,
5000020054640,東成瀬村,秋田県雄勝郡東成瀬村田子内字仙人下３０－１,,,,
7000020062014,山形市,山形県山形市旅篭町２丁目３番２５号,,,,
7000020062022,米沢市,山形県米沢市金池５丁目２番２５号,,,,
6000020062031,鶴岡市,山形県鶴岡市馬場町９－２５,,,,
5000020062049,酒田市,山形県酒田市本町２丁目２－４５,,,,
5000020062057,新庄市,山形県新庄市沖の町１０－３７,,,,
5000020062065,寒河江市,山形県寒河江市中央１丁目９－４５,,,,
5000020062073,上山市,山形県上山市河崎１丁目１－１０,,,,
5000020062081,村山市,山形県村山市中央１丁目３－６,,,,
4000020062090,長井市,山形県長井市ままの上５－１,,,,
9000020062103,天童市,山形県天童市老野森１丁目１－１,,,,
9000020062111,東根市,山形県東根市中央１丁目１－１,,,,
8000020062120,尾花沢市,山形県尾花沢市若葉町１丁目１－３,,,,
7000020062138,南陽市,山形県南陽市三間通４３６－１,,,,
8000020063011,山辺町,山形県東村山郡山辺町緑ケ丘５,,,,
7000020063029,中山町,山形県東村山郡中山町大字長崎１２０,,,,
2000020063215,河北町,山形県西村山郡河北町谷地戊８１,,,,
2000020063223,西川町,山形県西村山郡西川町大字海味５１０,,,,
2000020063231,朝日町,山形県西村山郡朝日町大字宮宿１１１５,,,,
1000020063240,大江町,山形県西村山郡大江町大字左沢８８２－１,,,,
5000020063410,大石田町,山形県北村山郡大石田町緑町１,,,,
8000020063614,金山町,山形県最上郡金山町大字金山３２４－１,,,,
8000020063622,最上町,山形県最上郡最上町大字向町６４４,,,,
7000020063631,舟形町,山形県最上郡舟形町舟形２６３,,,,
6000020063649,真室川町,山形県最上郡真室川町大字新町１２７－５,,,,
6000020063657,大蔵村,山形県最上郡大蔵村大字清水２５２８,,,,
6000020063665,鮭川村,山形県最上郡鮭川村大字佐渡２００３－７,,,,
6000020063673,戸沢村,山形県最上郡戸沢村大字古口２７０,,,,
1000020063819,高畠町,山形県東置賜郡高畠町大字高畠４３６,,,,
1000020063827,川西町,山形県東置賜郡川西町大字上小松１５６７,,,,
9000020064017,小国町,山形県西置賜郡小国町大字小国小坂町２丁目７０,,,,
9000020064025,白鷹町,山形県西置賜郡白鷹町大字荒砥甲８３３,,,,
9000020064033,飯豊町,山形県西置賜郡飯豊町大字椿２８８８,,,,
2000020064262,三川町,山形県東田川郡三川町大字横山字西田８５,,,,
9000020064289,庄内町,山形県東田川郡庄内町余目字町１３２－１,,,,
9000020064611,遊佐町,山形県飽海郡遊佐町遊佐字舞鶴２１１,,,,
1000020072010,福島市,福島県福島市五老内町３－１,,,,
9000020072028,会津若松市,福島県会津若松市東栄町３－４６,,,,
9000020072036,郡山市,福島県郡山市朝日１丁目２３－７,,,,
9000020072044,いわき市,福島県いわき市平字梅本２１,,,,
9000020072052,白河市,福島県白河市八幡小路７－１,,,,
7000020072079,須賀川市,福島県須賀川市八幡町１３５,,,,
7000020072087,喜多方市,福島県喜多方市字御清水東７２４４－２,,,,
7000020072095,相馬市,福島県相馬市中村字北町６３－３,,,,
2000020072109,二本松市,福島県二本松市金色４０３－１,,,,
2000020072117,田村市,福島県田村市船引町船引字畑添７６－２,,,,
2000020072125,南相馬市,福島県南相馬市原町区本町２丁目２７,,,,
2000020072133,伊達市,福島県伊達市保原町字舟橋１８０,,,,
2000020072141,本宮市,福島県本宮市本宮字万世２１２,,,,
2000020073016,桑折町,福島県伊達郡桑折町字東大隅１８,,,,
2000020073032,国見町,福島県伊達郡国見町大字藤田字一丁田二１番７,,,,
9000020073083,川俣町,福島県伊達郡川俣町字五百田３０,,,,
4000020073229,大玉村,福島県安達郡大玉村玉井字星内７０,,,,
8000020073423,鏡石町,福島県岩瀬郡鏡石町不時沼３４５,,,,
7000020073440,天栄村,福島県岩瀬郡天栄村大字下松本字原畑７８,,,,
1000020073628,下郷町,福島県南会津郡下郷町大字塩生字大石１０００,,,,
1000020073644,檜枝岐村,福島県南会津郡檜枝岐村字下ノ原８８７番地１,,,,
8000020073679,只見町,福島県南会津郡只見町大字只見字雨堤１０３９,,,,
8000020073687,南会津町,福島県南会津郡南会津町田島字後原甲３５３１－１,,,,
3000020074021,北塩原村,福島県耶麻郡北塩原村大字北山字姥ケ作３１５１,,,,
2000020074055,西会津町,福島県耶麻郡西会津町野沢字下小屋上乙３３０８,,,,
2000020074071,磐梯町,福島県耶麻郡磐梯町大字磐梯字中ノ橋１８５５,,,,
1000020074080,猪苗代町,福島県耶麻郡猪苗代町字城南１００,,,,
6000020074217,会津坂下町,福島県河沼郡会津坂下町字市中三番甲３６６２,,,,
6000020074225,湯川村,福島県河沼郡湯川村大字清水田字長瀞１８,,,,
6000020074233,柳津町,福島県河沼郡柳津町大字柳津字下平乙２３４,,,,
8000020074446,三島町,福島県大沼郡三島町大字宮下字宮下３５０,,,,
8000020074454,金山町,福島県大沼郡金山町大字川口字谷地３９３,,,,
8000020074462,昭和村,福島県大沼郡昭和村大字下中津川字中島６５２,,,,
7000020074471,会津美里町,福島県大沼郡会津美里町字新布才地１番地,,,,
3000020074616,西郷村,福島県西白河郡西郷村大字熊倉字折口原４０,,,,
2000020074641,泉崎村,福島県西白河郡泉崎村大字泉崎字八丸１４５,,,,
1000020074659,中島村,福島県西白河郡中島村大字滑津字中島西１１－１,,,,
1000020074667,矢吹町,福島県西白河郡矢吹町一本木１０１,,,,
6000020074811,棚倉町,福島県東白川郡棚倉町大字棚倉字中居野３３,,,,
5000020074829,矢祭町,福島県東白川郡矢祭町大字東舘字舘本６６,,,,
5000020074837,塙町,福島県東白川郡塙町大字塙字大町３丁目２１番地,,,,
5000020074845,鮫川村,福島県東白川郡鮫川村大字赤坂中野字新宿３９－５,,,,
4000020075019,石川町,福島県石川郡石川町字長久保１８５番地の４,,,,
4000020075027,玉川村,福島県石川郡玉川村大字小高字中畷９,,,,
4000020075035,平田村,福島県石川郡平田村大字永田字切田１１６,,,,
4000020075043,浅川町,福島県石川郡浅川町大字浅川字背戸谷地１１２－１５,,,,
4000020075051,古殿町,福島県石川郡古殿町大字松川字新桑原３１,,,,
8000020075213,三春町,福島県田村郡三春町字大町１－２,,,,
8000020075221,小野町,福島県田村郡小野町大字小野新町字舘廻９２,,,,
1000020075418,広野町,福島県双葉郡広野町大字下北迫字苗代替３５,,,,
1000020075426,楢葉町,福島県双葉郡楢葉町大字北田字鐘突堂５－６,,,,
1000020075434,富岡町,福島県双葉郡富岡町大字本岡字王塚６２２－１,,,,
1000020075442,川内村,福島県双葉郡川内村大字上川内字早渡１１－２４,,,,
9000020075451,大熊町,福島県双葉郡大熊町大字大川原字南平１７１７,,,,
8000020075469,双葉町,福島県双葉郡双葉町大字新山字前沖２８,,,,
8000020075477,浪江町,福島県双葉郡浪江町大字幾世橋字六反田７－２,,,,
8000020075485,葛尾村,福島県双葉郡葛尾村大字落合字落合１６,,,,
5000020075612,新地町,福島県相馬郡新地町谷地小屋字樋掛田３０,,,,
3000020075647,飯舘村,福島県相馬郡飯舘村伊丹沢字伊丹沢５８０－１,,,,
4000020082015,水戸市,茨城県水戸市中央１丁目４－１,,,,
4000020082023,日立市,茨城県日立市助川町１丁目１－１,,,,
4000020082031,土浦市,茨城県土浦市大和町９番１号,,,,
3000020082040,古河市,茨城県古河市下大野２２４８,,,,
2000020082058,石岡市,茨城県石岡市石岡１丁目１－１,,,,
2000020082074,結城市,茨城県結城市大字結城１４４７,,,,
2000020082082,龍ケ崎市,茨城県龍ケ崎市３７１０,,,,
6000020082104,下妻市,茨城県下妻市本城町２丁目２２,,,,
6000020082112,常総市,茨城県常総市水海道諏訪町３２２２－３,,,,
5000020082121,常陸太田市,茨城県常陸太田市金井町３６９０,,,,
4000020082147,高萩市,茨城県高萩市本町１丁目１００－１,,,,
4000020082155,北茨城市,茨城県北茨城市磯原町磯原１６３０,,,,
4000020082163,笠間市,茨城県笠間市中央３丁目２－１,,,,
4000020082171,取手市,茨城県取手市寺田５１３９,,,,
2000020082198,牛久市,茨城県牛久市中央３丁目１５－１,,,,
8000020082201,つくば市,茨城県つくば市研究学園１丁目１番地１,,,,
7000020082210,ひたちなか市,茨城県ひたちなか市東石川２丁目１０番１号,,,,
6000020082228,鹿嶋市,茨城県鹿嶋市大字平井１１８７－１,,,,
6000020082236,潮来市,茨城県潮来市辻６２６,,,,
6000020082244,守谷市,茨城県守谷市大柏９５０－１,,,,
6000020082252,常陸大宮市,茨城県常陸大宮市中富町３１３５－６,,,,
5000020082261,那珂市,茨城県那珂市福田１８１９－５,,,,
4000020082279,筑西市,茨城県筑西市丙３６０,,,,
4000020082287,坂東市,茨城県坂東市岩井４３６５,,,,
4000020082295,稲敷市,茨城県稲敷市犬塚１５７０番地１,,,,
8000020082309,かすみがうら市,茨城県かすみがうら市上土田４６１,,,,
8000020082317,桜川市,茨城県桜川市羽田１０２３,,,,
8000020082325,神栖市,茨城県神栖市溝口４９９１－５,,,,
8000020082333,行方市,茨城県行方市麻生１５６１－９,,,,
8000020082341,鉾田市,茨城県鉾田市鉾田１４４４－１,,,,
7000020082350,つくばみらい市,茨城県つくばみらい市福田１９５,,,,
6000020082368,小美玉市,茨城県小美玉市堅倉８３５,,,,
5000020083020,茨城町,茨城県東茨城郡茨城町大字小堤１０８０,,,,
2000020083097,大洗町,茨城県東茨城郡大洗町磯浜町６８８１－２７５,,,,
7000020083101,城里町,茨城県東茨城郡城里町大字石塚１４２８－２５,,,,
2000020083411,東海村,茨城県那珂郡東海村東海３丁目７－１,,,,
4000020083640,大子町,茨城県久慈郡大子町大字大子８６６,,,,
3000020084425,美浦村,茨城県稲敷郡美浦村大字受領１５１５,,,,
3000020084433,阿見町,茨城県稲敷郡阿見町中央１丁目１－１,,,,
1000020084476,河内町,茨城県稲敷郡河内町源清田１１８３,,,,
1000020085219,八千代町,茨城県結城郡八千代町大字菅谷１１７０,,,,
5000020085421,五霞町,茨城県猿島郡五霞町大字小福田１１６２－１,,,,
3000020085464,境町,茨城県猿島郡境町３９１－１,,,,
7000020085642,利根町,茨城県北相馬郡利根町大字布川８４１－１,,,,
7000020092011,宇都宮市,栃木県宇都宮市旭１丁目１－５,,,,
6000020092029,足利市,栃木県足利市本城３丁目２１４５,,,,
6000020092037,栃木市,栃木県栃木市万町９－２５,,,,
6000020092045,佐野市,栃木県佐野市高砂町１,,,,
6000020092053,鹿沼市,栃木県鹿沼市今宮町１６８８－１,,,,
6000020092061,日光市,栃木県日光市今市本町１番地,,,,
4000020092088,小山市,栃木県小山市中央町１丁目１－１,,,,
4000020092096,真岡市,栃木県真岡市荒町５１９１,,,,
9000020092100,大田原市,栃木県大田原市本町１丁目４－１,,,,
8000020092118,矢板市,栃木県矢板市本町５－４,,,,
8000020092134,那須塩原市,栃木県那須塩原市共墾社１０８－２,,,,
8000020092142,さくら市,栃木県さくら市氏家２７７１,,,,
7000020092151,那須烏山市,栃木県那須烏山市中央１丁目１－１,,,,
6000020092169,下野市,栃木県下野市笹原２６番地,,,,
8000020093017,上三川町,栃木県河内郡上三川町しらさぎ１丁目１番地,,,,
5000020093424,益子町,栃木県芳賀郡益子町大字益子２０３０,,,,
5000020093432,茂木町,栃木県芳賀郡茂木町大字茂木１５５,,,,
4000020093441,市貝町,栃木県芳賀郡市貝町大字市塙１２８０,,,,
3000020093459,芳賀町,栃木県芳賀郡芳賀町大字祖母井１０２０,,,,
8000020093611,壬生町,栃木県下都賀郡壬生町通町１２－２２,,,,
7000020093645,野木町,栃木県下都賀郡野木町大字丸林５７１,,,,
1000020093840,塩谷町,栃木県塩谷郡塩谷町大字玉生７４１,,,,
9000020093866,高根沢町,栃木県塩谷郡高根沢町大字石末２０５３,,,,
8000020094072,那須町,栃木県那須郡那須町大字寺子丙３－１３,,,,
2000020094111,那珂川町,栃木県那須郡那珂川町馬頭５５５,,,,
9000020102016,前橋市,群馬県前橋市大手町２丁目１２番１号,,,,
9000020102024,高崎市,群馬県高崎市高松町３５－１,,,,
9000020102032,桐生市,群馬県桐生市織姫町１－１,,,,
8000020102041,伊勢崎市,群馬県伊勢崎市今泉町２丁目４１０番地,,,,
7000020102059,太田市,群馬県太田市浜町２－３５,,,,
7000020102067,沼田市,群馬県沼田市下之町８８８,,,,
7000020102075,館林市,群馬県館林市城町１－１,,,,
7000020102083,渋川市,群馬県渋川市石原８０,,,,
7000020102091,藤岡市,群馬県藤岡市中栗須３２７,,,,
2000020102105,富岡市,群馬県富岡市富岡１４６０－１,,,,
2000020102113,安中市,群馬県安中市安中１丁目２３－１３,,,,
2000020102121,みどり市,群馬県みどり市笠懸町鹿２９５２,,,,
6000020103446,榛東村,群馬県北群馬郡榛東村大字新井７９０－１,,,,
6000020103454,吉岡町,群馬県北群馬郡吉岡町大字下野田５６０,,,,
8000020103667,上野村,群馬県多野郡上野村大字川和１１,,,,
8000020103675,神流町,群馬県多野郡神流町大字万場９０番地６,,,,
3000020103829,下仁田町,群馬県甘楽郡下仁田町大字下仁田６８２,,,,
3000020103837,南牧村,群馬県甘楽郡南牧村大字大日向１０９８,,,,
3000020103845,甘楽町,群馬県甘楽郡甘楽町大字小幡１６１－１,,,,
6000020104213,中之条町,群馬県吾妻郡中之条町大字中之条町１０９１,,,,
4000020104248,長野原町,群馬県吾妻郡長野原町大字長野原１３４０－１,,,,
4000020104256,嬬恋村,群馬県吾妻郡嬬恋村大字大前１１０,,,,
4000020104264,草津町,群馬県吾妻郡草津町大字草津２８,,,,
3000020104281,高山村,群馬県吾妻郡高山村大字中山２８５６－１,,,,
2000020104299,東吾妻町,群馬県吾妻郡東吾妻町大字原町１０４６,,,,
8000020104434,片品村,群馬県利根郡片品村大字鎌田３９６７－３,,,,
8000020104442,川場村,群馬県利根郡川場村大字谷地２３９０－２,,,,
6000020104485,昭和村,群馬県利根郡昭和村大字糸井３８８,,,,
6000020104493,みなかみ町,群馬県利根郡みなかみ町後閑３１８,,,,
1000020104647,玉村町,群馬県佐波郡玉村町大字下新田２０１,,,,
7000020105210,板倉町,群馬県邑楽郡板倉町大字板倉２６８２－１,,,,
6000020105228,明和町,群馬県邑楽郡明和町新里２５０－１,,,,
6000020105236,千代田町,群馬県邑楽郡千代田町大字赤岩１８９５－１,,,,
6000020105244,大泉町,群馬県邑楽郡大泉町日の出５５－１,,,,
6000020105252,邑楽町,群馬県邑楽郡邑楽町大字中野２５７０－１,,,,
2000020111007,さいたま市,埼玉県さいたま市浦和区常盤６丁目４－４,,,,
4000020112011,川越市,埼玉県川越市元町１丁目３－１,,,,
3000020112020,熊谷市,埼玉県熊谷市宮町２丁目４７－１,,,,
2000020112038,川口市,埼玉県川口市青木２丁目１－１,,,,
2000020112062,行田市,埼玉県行田市本丸２－５,,,,
1000020112071,秩父市,埼玉県秩父市熊木町８－１５,,,,
9000020112089,所沢市,埼玉県所沢市並木１丁目１－１,,,,
9000020112097,飯能市,埼玉県飯能市大字双柳１－１,,,,
5000020112101,加須市,埼玉県加須市三俣２丁目１番地１,,,,
4000020112119,本庄市,埼玉県本庄市本庄３丁目５－３,,,,
4000020112127,東松山市,埼玉県東松山市松葉町１丁目１－５８,,,,
4000020112143,春日部市,埼玉県春日部市中央６丁目２,,,,
4000020112151,狭山市,埼玉県狭山市入間川１丁目２３－５,,,,
3000020112160,羽生市,埼玉県羽生市東６丁目１５,,,,
2000020112178,鴻巣市,埼玉県鴻巣市中央１－１,,,,
2000020112186,深谷市,埼玉県深谷市仲町１１－１,,,,
2000020112194,上尾市,埼玉県上尾市本町３丁目１－１,,,,
6000020112216,草加市,埼玉県草加市高砂１丁目１－１,,,,
6000020112224,越谷市,埼玉県越谷市越ヶ谷４丁目２－１,,,,
6000020112232,蕨市,埼玉県蕨市中央５丁目１４－１５,,,,
5000020112241,戸田市,埼玉県戸田市上戸田１丁目１８－１,,,,
4000020112259,入間市,埼玉県入間市豊岡１丁目１６－１,,,,
4000020112275,朝霞市,埼玉県朝霞市本町１丁目１－１,,,,
4000020112283,志木市,埼玉県志木市中宗岡１丁目１－１,,,,
4000020112291,和光市,埼玉県和光市広沢１－５,,,,
8000020112305,新座市,埼玉県新座市野火止１丁目１－１,,,,
8000020112313,桶川市,埼玉県桶川市泉１丁目３－２８,,,,
8000020112321,久喜市,埼玉県久喜市下早見８５－３,,,,
7000020112330,北本市,埼玉県北本市本町１丁目１１１,,,,
6000020112348,八潮市,埼玉県八潮市中央１丁目２－１,,,,
6000020112356,富士見市,埼玉県富士見市大字鶴馬１８００－１,,,,
6000020112372,三郷市,埼玉県三郷市花和田６４８－１,,,,
5000020112381,蓮田市,埼玉県蓮田市大字黒浜２７９９－１,,,,
4000020112399,坂戸市,埼玉県坂戸市千代田１丁目１－１,,,,
1000020112402,幸手市,埼玉県幸手市東４丁目６－８,,,,
9000020112411,鶴ヶ島市,埼玉県鶴ヶ島市大字三ツ木１６－１,,,,
8000020112429,日高市,埼玉県日高市大字南平沢１０２０,,,,
8000020112437,吉川市,埼玉県吉川市きよみ野１丁目１番地,,,,
8000020112453,ふじみ野市,埼玉県ふじみ野市福岡１丁目１－１,,,,
8000020112461,白岡市,埼玉県白岡市千駄野４３２,,,,
4000020113018,伊奈町,埼玉県北足立郡伊奈町大字小室９４９３,,,,
6000020113247,三芳町,埼玉県入間郡三芳町大字藤久保１１００－１,,,,
6000020113263,毛呂山町,埼玉県入間郡毛呂山町中央２丁目１,,,,
6000020113271,越生町,埼玉県入間郡越生町大字越生９００－２,,,,
1000020113417,滑川町,埼玉県比企郡滑川町大字福田７５０－１,,,,
1000020113425,嵐山町,埼玉県比企郡嵐山町大字杉山１０３０－１,,,,
1000020113433,小川町,埼玉県比企郡小川町大字大塚５５,,,,
8000020113468,川島町,埼玉県比企郡川島町大字下八ツ林８７０番地１,,,,
8000020113476,吉見町,埼玉県比企郡吉見町大字下細谷４１１,,,,
8000020113484,鳩山町,埼玉県比企郡鳩山町大字大豆戸１８４－１６,,,,
8000020113492,ときがわ町,埼玉県比企郡ときがわ町大字玉川２４９０,,,,
5000020113611,横瀬町,埼玉県秩父郡横瀬町大字横瀬４５４５,,,,
4000020113620,皆野町,埼玉県秩父郡皆野町大字皆野１４２０－１,,,,
3000020113638,長瀞町,埼玉県秩父郡長瀞町大字本野上１０３５－１,,,,
3000020113654,小鹿野町,埼玉県秩父郡小鹿野町小鹿野８９,,,,
1000020113697,東秩父村,埼玉県秩父郡東秩父村大字御堂６３４,,,,
7000020113816,美里町,埼玉県児玉郡美里町大字木部３２３－１,,,,
7000020113832,神川町,埼玉県児玉郡神川町大字植竹９０９,,,,
5000020113859,上里町,埼玉県児玉郡上里町大字七本木５５１８,,,,
4000020114081,寄居町,埼玉県大里郡寄居町大字寄居１１８０－１,,,,
3000020114421,宮代町,埼玉県南埼玉郡宮代町笠原１丁目４－１,,,,
5000020114642,杉戸町,埼玉県北葛飾郡杉戸町清地２丁目９－２９,,,,
4000020114651,松伏町,埼玉県北葛飾郡松伏町大字松伏２４２４,,,,
6000020121002,千葉市,千葉県千葉市中央区千葉港１－１,,,,
6000020122025,銚子市,千葉県銚子市若宮町１－１,,,,
6000020122033,市川市,千葉県市川市八幡１丁目１－１,,,,
6000020122041,船橋市,千葉県船橋市湊町２丁目１０－２５,,,,
5000020122050,館山市,千葉県館山市北条１１４５－１,,,,
4000020122068,木更津市,千葉県木更津市富士見１丁目２番１号,,,,
4000020122076,松戸市,千葉県松戸市根本３８７－５,,,,
4000020122084,野田市,千葉県野田市鶴奉７－１,,,,
8000020122106,茂原市,千葉県茂原市道表１,,,,
8000020122114,成田市,千葉県成田市花崎町７６０,,,,
8000020122122,佐倉市,千葉県佐倉市海隣寺町９７,,,,
7000020122131,東金市,千葉県東金市東岩崎１－１,,,,
6000020122157,旭市,千葉県旭市ニの１９２０,,,,
6000020122165,習志野市,千葉県習志野市鷺沼２丁目１－１,,,,
6000020122173,柏市,千葉県柏市柏５丁目１０－１,,,,
6000020122181,勝浦市,千葉県勝浦市新官１３４３－１,,,,
5000020122190,市原市,千葉県市原市国分寺台中央１丁目１－１,,,,
1000020122203,流山市,千葉県流山市平和台１丁目１－１,,,,
1000020122211,八千代市,千葉県八千代市大和田新田３１２－５,,,,
9000020122220,我孫子市,千葉県我孫子市我孫子１８５８,,,,
8000020122238,鴨川市,千葉県鴨川市横渚１４５０,,,,
8000020122246,鎌ケ谷市,千葉県鎌ケ谷市新鎌ケ谷２丁目６－１,,,,
8000020122254,君津市,千葉県君津市久保２丁目１３－１,,,,
8000020122262,富津市,千葉県富津市下飯野２４４３,,,,
7000020122271,浦安市,千葉県浦安市猫実１丁目１－１,,,,
6000020122289,四街道市,千葉県四街道市鹿渡無番地,,,,
6000020122297,袖ケ浦市,千葉県袖ケ浦市坂戸市場１－１,,,,
2000020122301,八街市,千葉県八街市八街ほ３５－２９,,,,
1000020122319,印西市,千葉県印西市大森２３６４－２,,,,
1000020122327,白井市,千葉県白井市復１１２３,,,,
1000020122335,富里市,千葉県富里市七栄６５２－１,,,,
1000020122343,南房総市,千葉県南房総市富浦町青木２８,,,,
1000020122351,匝瑳市,千葉県匝瑳市八日市場ハ７９３－２,,,,
9000020122360,香取市,千葉県香取市佐原ロ２１２７,,,,
8000020122378,山武市,千葉県山武市殿台２９６,,,,
8000020122386,いすみ市,千葉県いすみ市大原７４００－１,,,,
8000020122394,大網白里市,千葉県大網白里市大網１１５－２,,,,
1000020123226,酒々井町,千葉県印旛郡酒々井町中央台４丁目１１,,,,
8000020123293,栄町,千葉県印旛郡栄町安食台１丁目２,,,,
4000020123421,神崎町,千葉県香取郡神崎町神崎本宿１６３,,,,
3000020123471,多古町,千葉県香取郡多古町多古５８４,,,,
1000020123498,東庄町,千葉県香取郡東庄町笹川い４７１３－１３１,,,,
8000020124036,九十九里町,千葉県山武郡九十九里町片貝４０９９,,,,
6000020124095,芝山町,千葉県山武郡芝山町小池９９２,,,,
1000020124109,横芝光町,千葉県山武郡横芝光町宮川１１９０２,,,,
3000020124214,一宮町,千葉県長生郡一宮町一宮２４５７,,,,
3000020124222,睦沢町,千葉県長生郡睦沢町下之郷１６５０－１,,,,
2000020124231,長生村,千葉県長生郡長生村本郷１－７７,,,,
1000020124249,白子町,千葉県長生郡白子町関５０７４－２,,,,
1000020124265,長柄町,千葉県長生郡長柄町桜谷７１２,,,,
1000020124273,長南町,千葉県長生郡長南町長南２１１０,,,,
5000020124419,大多喜町,千葉県夷隅郡大多喜町大多喜９３,,,,
5000020124435,御宿町,千葉県夷隅郡御宿町須賀１５２２,,,,
8000020124630,鋸南町,千葉県安房郡鋸南町下佐久間３４５８,,,,
1000020132012,八王子市,東京都八王子市元本郷町３丁目２４－１,,,,
9000020132021,立川市,東京都立川市泉町１１５６－９,,,,
8000020132039,武蔵野市,東京都武蔵野市緑町２丁目２番２８号,,,,
8000020132047,三鷹市,東京都三鷹市野崎１丁目１－１,,,,
8000020132055,青梅市,東京都青梅市東青梅１丁目１１－１,,,,
8000020132063,府中市,東京都府中市宮西町２丁目２４,,,,
8000020132071,昭島市,東京都昭島市田中町１丁目１７－１,,,,
7000020132080,調布市,東京都調布市小島町２丁目３５－１,,,,
6000020132098,町田市,東京都町田市森野２丁目２－２２,,,,
3000020132101,小金井市,東京都小金井市本町６丁目６－３,,,,
2000020132110,小平市,東京都小平市小川町２丁目１３３３,,,,
1000020132128,日野市,東京都日野市神明１丁目１２－１,,,,
1000020132136,東村山市,東京都東村山市本町１丁目２番地３,,,,
1000020132144,国分寺市,東京都国分寺市戸倉１丁目６－１,,,,
1000020132152,国立市,東京都国立市富士見台２丁目４７－１,,,,
8000020132187,福生市,東京都福生市本町５,,,,
8000020132195,狛江市,東京都狛江市和泉本町１丁目１－５,,,,
3000020132209,東大和市,東京都東大和市中央３丁目９３０,,,,
3000020132217,清瀬市,東京都清瀬市中里５丁目８４２,,,,
3000020132225,東久留米市,東京都東久留米市本町３丁目３－１,,,,
3000020132233,武蔵村山市,東京都武蔵村山市本町１丁目１－１,,,,
3000020132241,多摩市,東京都多摩市関戸６丁目１２－１,,,,
2000020132250,稲城市,東京都稲城市東長沼２１１１,,,,
1000020132276,羽村市,東京都羽村市緑ヶ丘５丁目２－１,,,,
1000020132284,あきる野市,東京都あきる野市二宮３５０,,,,
1000020132292,西東京市,東京都西東京市南町５丁目６－１３,,,,
1000020133035,瑞穂町,東京都西多摩郡瑞穂町大字箱根ケ崎２３３５,,,,
1000020133051,日の出町,東京都西多摩郡日の出町大字平井２７８０,,,,
8000020133078,檜原村,東京都西多摩郡檜原村４６７－１,,,,
8000020133086,奥多摩町,東京都西多摩郡奥多摩町氷川２１５－６,,,,
2000020133612,大島町,東京都大島町元町１丁目１－１４,,,,
1000020133621,利島村,東京都利島村２４８,,,,
9000020133639,新島村,東京都新島村本村１丁目１－１,,,,
9000020133647,神津島村,東京都神津島村９０４,,,,
4000020133817,三宅村,東京都三宅島三宅村阿古４９７（臨時庁舎）,,,,
4000020133825,御蔵島村,東京都御蔵島村字入かねが沢,,,,
3000020134015,八丈町,東京都八丈島八丈町大賀郷２５５１－２,,,,
3000020134023,青ケ島村,東京都青ヶ島村無番地,,,,
6000020134210,小笠原村,東京都小笠原村父島字西町,,,,
3000020141003,横浜市,神奈川県横浜市中区港町１丁目１,,,,
7000020141305,川崎市,神奈川県川崎市川崎区宮本町１,,,,
1000020141500,相模原市,神奈川県相模原市中央区中央２丁目１１－１５,,,,
3000020142018,横須賀市,神奈川県横須賀市小川町１１,,,,
3000020142034,平塚市,神奈川県平塚市浅間町９－１,,,,
3000020142042,鎌倉市,神奈川県鎌倉市御成町１８－１０,,,,
2000020142051,藤沢市,神奈川県藤沢市朝日町１－１,,,,
1000020142069,小田原市,神奈川県小田原市荻窪３００,,,,
1000020142077,茅ヶ崎市,神奈川県茅ヶ崎市茅ヶ崎１丁目１－１,,,,
1000020142085,逗子市,神奈川県逗子市逗子５丁目２－１６,,,,
5000020142107,三浦市,神奈川県三浦市城山町１－１,,,,
5000020142115,秦野市,神奈川県秦野市桜町１丁目３－２,,,,
5000020142123,厚木市,神奈川県厚木市中町３丁目１７－１７,,,,
5000020142131,大和市,神奈川県大和市下鶴間１丁目１－１,,,,
4000020142140,伊勢原市,神奈川県伊勢原市田中３４８,,,,
3000020142158,海老名市,神奈川県海老名市勝瀬１７５－１,,,,
3000020142166,座間市,神奈川県座間市緑ケ丘１丁目１－１,,,,
3000020142174,南足柄市,神奈川県南足柄市関本４４０,,,,
3000020142182,綾瀬市,神奈川県綾瀬市早川５５０,,,,
5000020143014,葉山町,神奈川県三浦郡葉山町堀内２１３５,,,,
7000020143219,寒川町,神奈川県高座郡寒川町宮山１６５,,,,
2000020143413,大磯町,神奈川県中郡大磯町東小磯１８３,,,,
2000020143421,二宮町,神奈川県中郡二宮町二宮９６１,,,,
4000020143618,中井町,神奈川県足柄上郡中井町比奈窪５６,,,,
4000020143626,大井町,神奈川県足柄上郡大井町金子１９９５,,,,
4000020143634,松田町,神奈川県足柄上郡松田町松田惣領２０３７,,,,
4000020143642,山北町,神奈川県足柄上郡山北町山北１３０１－４,,,,
2000020143669,開成町,神奈川県足柄上郡開成町延沢７７３,,,,
7000020143821,箱根町,神奈川県足柄下郡箱根町湯本２５６,,,,
6000020143839,真鶴町,神奈川県足柄下郡真鶴町岩２４４－１,,,,
6000020143847,湯河原町,神奈川県足柄下郡湯河原町中央２丁目２－１,,,,
6000020144011,愛川町,神奈川県愛甲郡愛川町角田２５１－１,,,,
5000020144029,清川村,神奈川県愛甲郡清川村煤ヶ谷２２１６,,,,
5000020151009,新潟市,新潟県新潟市中央区学校町通１番町６０２番地１,,,,
7000020152021,長岡市,新潟県長岡市大手通１丁目４－１０,,,,
5000020152048,三条市,新潟県三条市旭町２丁目３－１,,,,
5000020152056,柏崎市,新潟県柏崎市中央町５－５０,,,,
5000020152064,新発田市,新潟県新発田市中央町３丁目３番３号,,,,
4000020152081,小千谷市,新潟県小千谷市城内２丁目７番５号,,,,
3000020152099,加茂市,新潟県加茂市幸町２丁目３－５,,,,
9000020152102,十日町市,新潟県十日町市千歳町３丁目３,,,,
8000020152111,見附市,新潟県見附市昭和町２丁目１－１,,,,
7000020152129,村上市,新潟県村上市三之町１－１,,,,
7000020152137,燕市,新潟県燕市吉田西太田１９３４番地,,,,
7000020152161,糸魚川市,新潟県糸魚川市一の宮１丁目２－５,,,,
6000020152170,妙高市,新潟県妙高市栄町５－１,,,,
5000020152188,五泉市,新潟県五泉市太田１０９４番地１,,,,
9000020152226,上越市,新潟県上越市木田１丁目１番３号,,,,
9000020152234,阿賀野市,新潟県阿賀野市岡山町１０番１５号,,,,
9000020152242,佐渡市,新潟県佐渡市千種２３２,,,,
8000020152251,魚沼市,新潟県魚沼市小出島１３０－１,,,,
7000020152269,南魚沼市,新潟県南魚沼市六日町１８０－１,,,,
7000020152277,胎内市,新潟県胎内市新和町２－１０,,,,
5000020153079,聖籠町,新潟県北蒲原郡聖籠町大字諏訪山１６３５－４,,,,
4000020153427,弥彦村,新潟県西蒲原郡弥彦村大字矢作４０２,,,,
8000020153613,田上町,新潟県南蒲原郡田上町大字原ケ崎新田３０７０,,,,
9000020153851,阿賀町,新潟県東蒲原郡阿賀町津川５８０,,,,
7000020154059,出雲崎町,新潟県三島郡出雲崎町大字川西１４０,,,,
9000020154610,湯沢町,新潟県南魚沼郡湯沢町大字神立３００,,,,
3000020154822,津南町,新潟県中魚沼郡津南町大字下船渡戊５８５,,,,
9000020155047,刈羽村,新潟県刈羽郡刈羽村大字割町新田２１５－１,,,,
4000020155811,関川村,新潟県岩船郡関川村大字下関９１２,,,,
3000020155861,粟島浦村,新潟県岩船郡粟島浦村字日ノ見山１５１３－１１,,,,
9000020162019,富山市,富山県富山市新桜町７番３８号,,,,
9000020162027,高岡市,富山県高岡市広小路７番５０号,,,,
9000020162043,魚津市,富山県魚津市釈迦堂１丁目１０番１号,,,,
9000020162051,氷見市,富山県氷見市鞍川１０６０番地,,,,
8000020162060,滑川市,富山県滑川市寺家町１０４番地,,,,
7000020162078,黒部市,富山県黒部市三日市１３０１番地,,,,
7000020162086,砺波市,富山県砺波市栄町７番３号,,,,
7000020162094,小矢部市,富山県小矢部市本町１番１号,,,,
2000020162108,南砺市,富山県南砺市苗島４８８０番地,,,,
2000020162116,射水市,富山県射水市新開発４１０番地１,,,,
5000020163210,舟橋村,富山県中新川郡舟橋村佛生寺５５番地,,,,
4000020163228,上市町,富山県中新川郡上市町法音寺１番地,,,,
4000020163236,立山町,富山県中新川郡立山町前沢２４４０番地,,,,
8000020163422,入善町,富山県下新川郡入善町入膳３２５５番地,,,,
7000020163431,朝日町,富山県下新川郡朝日町道下１１３３番地,,,,
4000020172014,金沢市,石川県金沢市広坂１丁目１－１,,,,
4000020172022,七尾市,石川県七尾市袖ケ江町イ部２５,,,,
3000020172031,小松市,石川県小松市小馬出町９１,,,,
2000020172049,輪島市,石川県輪島市二ツ屋町２字２９,,,,
2000020172057,珠洲市,石川県珠洲市上戸町北方１字６番地の２,,,,
2000020172065,加賀市,石川県加賀市大聖寺南町ニ４１,,,,
2000020172073,羽咋市,石川県羽咋市旭町ア２００,,,,
1000020172090,かほく市,石川県かほく市宇野気ニ８１,,,,
6000020172103,白山市,石川県白山市倉光２丁目１,,,,
6000020172111,能美市,石川県能美市来丸町１１１０番地,,,,
5000020172120,野々市市,石川県野々市市三納１丁目１番地,,,,
7000020173240,川北町,石川県能美郡川北町字壱ツ屋１７４,,,,
5000020173614,津幡町,石川県河北郡津幡町字加賀爪ニ３,,,,
3000020173657,内灘町,石川県河北郡内灘町字大学１丁目２－１,,,,
7000020173843,志賀町,石川県羽咋郡志賀町末吉千古１－１,,,,
6000020173860,宝達志水町,石川県羽咋郡宝達志水町子浦そ１８－１,,,,
4000020174076,中能登町,石川県鹿島郡中能登町末坂９部４６番地,,,,
6000020174611,穴水町,石川県鳳珠郡穴水町字川島ラの１７４番地,,,,
5000020174637,能登町,石川県鳳珠郡能登町字宇出津新１字１９７番地１,,,,
7000020182010,福井市,福井県福井市大手３丁目１０－１,,,,
6000020182028,敦賀市,福井県敦賀市中央町２丁目１－１,,,,
6000020182044,小浜市,福井県小浜市大手町６－３,,,,
6000020182052,大野市,福井県大野市天神町１－１,,,,
5000020182061,勝山市,福井県勝山市元町１丁目１－１,,,,
4000020182079,鯖江市,福井県鯖江市西山町１３－１,,,,
4000020182087,あわら市,福井県あわら市市姫３丁目１－１,,,,
4000020182095,越前市,福井県越前市府中１丁目１３－７,,,,
8000020182109,坂井市,福井県坂井市坂井町下新庄１－１,,,,
1000020183229,永平寺町,福井県吉田郡永平寺町松岡春日１丁目４,,,,
2000020183822,池田町,福井県今立郡池田町稲荷３５－４,,,,
8000020184047,南越前町,福井県南条郡南越前町東大道２９－１,,,,
3000020184233,越前町,福井県丹生郡越前町西田中１３－５－１,,,,
6000020184420,美浜町,福井県三方郡美浜町郷市２５－２５,,,,
3000020184811,高浜町,福井県大飯郡高浜町宮崎８６－２３－２,,,,
2000020184837,おおい町,福井県大飯郡おおい町本郷１３６－１－１,,,,
1000020185019,若狭町,福井県三方上中郡若狭町中央１－１,,,,
1000020192015,甲府市,山梨県甲府市丸の内１丁目１８－１,,,,
1000020192023,富士吉田市,山梨県富士吉田市下吉田６丁目１番１号,,,,
9000020192040,都留市,山梨県都留市上谷１丁目１－１,,,,
8000020192058,山梨市,山梨県山梨市小原西８４３,,,,
8000020192066,大月市,山梨県大月市大月２丁目６－２０,,,,
8000020192074,韮崎市,山梨県韮崎市水神１丁目３－１,,,,
8000020192082,南アルプス市,山梨県南アルプス市小笠原３７６,,,,
7000020192091,北杜市,山梨県北杜市須玉町大豆生田９６１－１,,,,
3000020192104,甲斐市,山梨県甲斐市篠原２６１０,,,,
3000020192112,笛吹市,山梨県笛吹市石和町市部７７７,,,,
2000020192121,上野原市,山梨県上野原市上野原３８３２,,,,
1000020192139,甲州市,山梨県甲州市塩山上於曽１０８５番地１,,,,
1000020192147,中央市,山梨県中央市臼井阿原３０１－１,,,,
7000020193461,市川三郷町,山梨県西八代郡市川三郷町市川大門１７９０－３,,,,
1000020193640,早川町,山梨県南巨摩郡早川町高住７５８,,,,
9000020193658,身延町,山梨県南巨摩郡身延町切石３５０,,,,
9000020193666,南部町,山梨県南巨摩郡南部町福士２８５０５－２,,,,
9000020193682,富士川町,山梨県南巨摩郡富士川町天神中條１１３４,,,,
4000020193844,昭和町,山梨県中巨摩郡昭和町押越５４２－２,,,,
6000020194221,道志村,山梨県南都留郡道志村６１８１－１,,,,
5000020194239,西桂町,山梨県南都留郡西桂町小沼１５０１－１,,,,
5000020194247,忍野村,山梨県南都留郡忍野村忍草１５１４,,,,
5000020194255,山中湖村,山梨県南都留郡山中湖村山中２３７－１,,,,
3000020194298,鳴沢村,山梨県南都留郡鳴沢村１５７５,,,,
9000020194301,富士河口湖町,山梨県南都留郡富士河口湖町船津１７００,,,,
9000020194425,小菅村,山梨県北都留郡小菅村４６９８,,,,
9000020194433,丹波山村,山梨県北都留郡丹波山村８９０,,,,
3000020202011,長野市,長野県長野市大字鶴賀緑町１６１３,,,,
2000020202029,松本市,長野県松本市丸の内３－７,,,,
2000020202037,上田市,長野県上田市大手１丁目１１－１６,,,,
2000020202045,岡谷市,長野県岡谷市幸町８－１,,,,
2000020202053,飯田市,長野県飯田市大久保町２５３４,,,,
2000020202061,諏訪市,長野県諏訪市高島１丁目２２－３０,,,,
1000020202070,須坂市,長野県須坂市大字須坂１５２８－１,,,,
9000020202088,小諸市,長野県小諸市相生町３丁目３－３,,,,
9000020202096,伊那市,長野県伊那市下新田３０５０,,,,
5000020202100,駒ヶ根市,長野県駒ヶ根市赤須町２０－１,,,,
4000020202118,中野市,長野県中野市三好町１丁目３－１９,,,,
4000020202126,大町市,長野県大町市大町３８８７,,,,
4000020202134,飯山市,長野県飯山市大字飯山１１１０－１,,,,
4000020202142,茅野市,長野県茅野市塚原２丁目６－１,,,,
3000020202151,塩尻市,長野県塩尻市大門七番町３番３号,,,,
2000020202177,佐久市,長野県佐久市中込３０５６,,,,
2000020202185,千曲市,長野県千曲市杭瀬下２丁目１,,,,
2000020202193,東御市,長野県東御市県２８１－２,,,,
6000020202207,安曇野市,長野県安曇野市豊科６０００番地,,,,
4000020203033,小海町,長野県南佐久郡小海町大字豊里５７－１,,,,
4000020203041,川上村,長野県南佐久郡川上村大字大深山５２５,,,,
3000020203050,南牧村,長野県南佐久郡南牧村大字海ノ口１０５１,,,,
2000020203068,南相木村,長野県南佐久郡南相木村３５２５－１,,,,
2000020203076,北相木村,長野県南佐久郡北相木村２７４４,,,,
2000020203092,佐久穂町,長野県南佐久郡佐久穂町大字高野町５６９,,,,
8000020203211,軽井沢町,長野県北佐久郡軽井沢町大字長倉２３８１－１,,,,
6000020203238,御代田町,長野県北佐久郡御代田町大字馬瀬口１７９４番地６,,,,
6000020203246,立科町,長野県北佐久郡立科町大字芦田２５３２,,,,
8000020203491,青木村,長野県小県郡青木村大字田沢１１１,,,,
3000020203505,長和町,長野県小県郡長和町古町４２４７－１,,,,
4000020203611,下諏訪町,長野県諏訪郡下諏訪町４６１３－８,,,,
3000020203629,富士見町,長野県諏訪郡富士見町落合１０７７７,,,,
3000020203637,原村,長野県諏訪郡原村６５４９－１,,,,
7000020203823,辰野町,長野県上伊那郡辰野町中央１,,,,
7000020203831,箕輪町,長野県上伊那郡箕輪町大字中箕輪１０２９８,,,,
6000020203840,飯島町,長野県上伊那郡飯島町飯島２５３７,,,,
5000020203858,南箕輪村,長野県上伊那郡南箕輪村４８２５－１,,,,
5000020203866,中川村,長野県上伊那郡中川村大草４０４５－１,,,,
5000020203882,宮田村,長野県上伊那郡宮田村９８,,,,
6000020204021,松川町,長野県下伊那郡松川町元大島３８２３,,,,
5000020204030,高森町,長野県下伊那郡高森町下市田２１８３－１,,,,
4000020204048,阿南町,長野県下伊那郡阿南町東條５８－１,,,,
4000020204072,阿智村,長野県下伊那郡阿智村駒場４８３,,,,
2000020204099,平谷村,長野県下伊那郡平谷村３５４,,,,
8000020204102,根羽村,長野県下伊那郡根羽村１７６２,,,,
7000020204111,下條村,長野県下伊那郡下條村睦沢８８０１－１,,,,
6000020204129,売木村,長野県下伊那郡売木村９６８－１,,,,
6000020204137,天龍村,長野県下伊那郡天龍村平岡８７８,,,,
6000020204145,泰阜村,長野県下伊那郡泰阜村３２３６－１,,,,
6000020204153,喬木村,長野県下伊那郡喬木村６６６４,,,,
6000020204161,豊丘村,長野県下伊那郡豊丘村大字神稲３１２０,,,,
5000020204170,大鹿村,長野県下伊那郡大鹿村大字大河原３５４,,,,
8000020204226,上松町,長野県木曽郡上松町駅前通り２丁目１３番地,,,,
8000020204234,南木曽町,長野県木曽郡南木曽町読書３６６８－１,,,,
7000020204251,木祖村,長野県木曽郡木祖村大字薮原１１９１－１,,,,
6000020204293,王滝村,長野県木曽郡王滝村３６２３,,,,
1000020204307,大桑村,長野県木曽郡大桑村大字長野２７７８,,,,
1000020204323,木曽町,長野県木曽郡木曽町福島２３２６－６,,,,
1000020204463,麻績村,長野県東筑摩郡麻績村麻３８３７,,,,
9000020204480,生坂村,長野県東筑摩郡生坂村５４９３－２,,,,
5000020204501,山形村,長野県東筑摩郡山形村２０３０－１,,,,
4000020204510,朝日村,長野県東筑摩郡朝日村大字小野沢２９６－５,,,,
3000020204528,筑北村,長野県東筑摩郡筑北村西条４１９５,,,,
9000020204811,池田町,長野県北安曇郡池田町大字池田３２０３－６,,,,
8000020204820,松川村,長野県北安曇郡松川村７６－５,,,,
7000020204854,白馬村,長野県北安曇郡白馬村大字北城７０２５,,,,
7000020204862,小谷村,長野県北安曇郡小谷村大字中小谷丙１３１,,,,
1000020205214,坂城町,長野県埴科郡坂城町大字坂城１００５０,,,,
3000020205419,小布施町,長野県上高井郡小布施町大字小布施１４９１－２,,,,
3000020205435,高山村,長野県上高井郡高山村大字高井４９７２,,,,
7000020205613,山ノ内町,長野県下高井郡山ノ内町大字平穏３３５２－１,,,,
7000020205621,木島平村,長野県下高井郡木島平村大字往郷９１４番地６,,,,
6000020205630,野沢温泉村,長野県下高井郡野沢温泉村大字豊郷９８１７,,,,
9000020205834,信濃町,長野県上水内郡信濃町大字柏原４２８－２,,,,
7000020205885,小川村,長野県上水内郡小川村大字高府８８００－８,,,,
2000020205907,飯綱町,長野県上水内郡飯綱町大字牟礼２７９５－１,,,,
8000020206024,栄村,長野県下水内郡栄村大字北信３４３３,,,,
6000020212016,岐阜市,岐阜県岐阜市今沢町１８番地,,,,
6000020212024,大垣市,岐阜県大垣市丸の内２丁目２９,,,,
6000020212032,高山市,岐阜県高山市花岡町２丁目１８,,,,
5000020212041,多治見市,岐阜県多治見市日ノ出町２丁目１５,,,,
4000020212059,関市,岐阜県関市若草通３丁目１,,,,
4000020212067,中津川市,岐阜県中津川市かやの木町２番１号,,,,
4000020212075,美濃市,岐阜県美濃市１３５０,,,,
4000020212083,瑞浪市,岐阜県瑞浪市上平町１丁目１,,,,
4000020212091,羽島市,岐阜県羽島市竹鼻町５５,,,,
8000020212105,恵那市,岐阜県恵那市長島町正家１丁目１－１,,,,
8000020212113,美濃加茂市,岐阜県美濃加茂市太田町３４３１－１,,,,
8000020212121,土岐市,岐阜県土岐市土岐津町土岐口２１０１,,,,
7000020212130,各務原市,岐阜県各務原市那加桜町１丁目６９,,,,
6000020212148,可児市,岐阜県可児市広見１丁目１,,,,
6000020212156,山県市,岐阜県山県市高木１０００－１,,,,
6000020212164,瑞穂市,岐阜県瑞穂市別府１２８８,,,,
6000020212172,飛騨市,岐阜県飛騨市古川町本町２－２２,,,,
5000020212181,本巣市,岐阜県本巣市文殊３２４,,,,
4000020212199,郡上市,岐阜県郡上市八幡町島谷２２８,,,,
1000020212202,下呂市,岐阜県下呂市森９６０,,,,
9000020212211,海津市,岐阜県海津市海津町高須５１５,,,,
7000020213021,岐南町,岐阜県羽島郡岐南町八剣７丁目１０７,,,,
6000020213039,笠松町,岐阜県羽島郡笠松町司町１,,,,
5000020213411,養老町,岐阜県養老郡養老町高田７９８,,,,
7000020213616,垂井町,岐阜県不破郡垂井町宮代２９５７番地の１１,,,,
7000020213624,関ケ原町,岐阜県不破郡関ケ原町大字関ケ原８９４－５８,,,,
1000020213811,神戸町,岐阜県安八郡神戸町大字神戸１１１１,,,,
9000020213829,輪之内町,岐阜県安八郡輪之内町四郷２５３０－１,,,,
9000020213837,安八町,岐阜県安八郡安八町氷取１６１,,,,
8000020214019,揖斐川町,岐阜県揖斐郡揖斐川町三輪１３３,,,,
8000020214035,大野町,岐阜県揖斐郡大野町大字大野８０,,,,
8000020214043,池田町,岐阜県揖斐郡池田町六之井１４６８－１,,,,
3000020214213,北方町,岐阜県本巣郡北方町長谷川１丁目１番地,,,,
1000020215015,坂祝町,岐阜県加茂郡坂祝町取組４６－１８,,,,
1000020215023,富加町,岐阜県加茂郡富加町滝田１５１１,,,,
1000020215031,川辺町,岐阜県加茂郡川辺町中川辺１５１８－４,,,,
9000020215040,七宗町,岐阜県加茂郡七宗町上麻生２４４２－３,,,,
8000020215058,八百津町,岐阜県加茂郡八百津町八百津３９０３－２,,,,
8000020215066,白川町,岐阜県加茂郡白川町河岐７１５,,,,
8000020215074,東白川村,岐阜県加茂郡東白川村神土５４８,,,,
4000020215210,御嵩町,岐阜県可児郡御嵩町御嵩１２３９－１,,,,
1000020216046,白川村,岐阜県大野郡白川村大字鳩谷５１７,,,,
8000020221007,静岡市,静岡県静岡市葵区追手町５－１,,,,
3000020221309,浜松市,静岡県浜松市中区元城町１０３－２,,,,
8000020222038,沼津市,静岡県沼津市御幸町１６－１,,,,
8000020222054,熱海市,静岡県熱海市中央町１－１,,,,
8000020222062,三島市,静岡県三島市北田町４－４７,,,,
7000020222071,富士宮市,静岡県富士宮市弓沢町１５０,,,,
6000020222089,伊東市,静岡県伊東市大原２丁目１－１,,,,
6000020222097,島田市,静岡県島田市中央町１－１,,,,
2000020222101,富士市,静岡県富士市永田町１丁目１００,,,,
1000020222119,磐田市,静岡県磐田市国府台３－１,,,,
1000020222127,焼津市,静岡県焼津市本町２丁目１６－３２,,,,
1000020222135,掛川市,静岡県掛川市長谷１丁目１番地の１,,,,
1000020222143,藤枝市,静岡県藤枝市岡出山１丁目１１－１,,,,
1000020222151,御殿場市,静岡県御殿場市萩原４８３,,,,
9000020222160,袋井市,静岡県袋井市新屋１丁目１－１,,,,
8000020222194,下田市,静岡県下田市東本郷１丁目５－１８,,,,
3000020222208,裾野市,静岡県裾野市佐野１０５９,,,,
3000020222216,湖西市,静岡県湖西市吉美３２６８,,,,
3000020222224,伊豆市,静岡県伊豆市小立野３８－２,,,,
3000020222232,御前崎市,静岡県御前崎市池新田５５８５,,,,
2000020222241,菊川市,静岡県菊川市堀之内６１,,,,
1000020222259,伊豆の国市,静岡県伊豆の国市長岡３４０－１,,,,
1000020222267,牧之原市,静岡県牧之原市静波４４７－１,,,,
1000020223018,東伊豆町,静岡県賀茂郡東伊豆町稲取３３５４,,,,
1000020223026,河津町,静岡県賀茂郡河津町田中２１２－２,,,,
1000020223042,南伊豆町,静岡県賀茂郡南伊豆町下賀茂３１５－１,,,,
9000020223051,松崎町,静岡県賀茂郡松崎町宮内３０１－１,,,,
8000020223069,西伊豆町,静岡県賀茂郡西伊豆町仁科４０１－１,,,,
3000020223255,函南町,静岡県田方郡函南町平井７１７－１３,,,,
7000020223417,清水町,静岡県駿東郡清水町堂庭２１０－１,,,,
7000020223425,長泉町,静岡県駿東郡長泉町中土狩８２８,,,,
7000020223441,小山町,静岡県駿東郡小山町藤曲５７－２,,,,
5000020224243,吉田町,静岡県榛原郡吉田町住吉８７,,,,
3000020224294,川根本町,静岡県榛原郡川根本町上長尾６２７,,,,
2000020224618,森町,静岡県周智郡森町森２１０１－１,,,,
3000020231002,名古屋市,愛知県名古屋市中区三の丸３丁目１－１,,,,
3000020232017,豊橋市,愛知県豊橋市今橋町１番地,,,,
3000020232025,岡崎市,愛知県岡崎市十王町２丁目９番地,,,,
3000020232033,一宮市,愛知県一宮市本町２丁目５－６,,,,
3000020232041,瀬戸市,愛知県瀬戸市追分町６４－１,,,,
2000020232050,半田市,愛知県半田市東洋町２丁目１,,,,
1000020232068,春日井市,愛知県春日井市鳥居松町５丁目４４番地,,,,
1000020232076,豊川市,愛知県豊川市諏訪１丁目１,,,,
1000020232084,津島市,愛知県津島市立込町２丁目２１,,,,
1000020232092,碧南市,愛知県碧南市松本町２８,,,,
5000020232106,刈谷市,愛知県刈谷市東陽町１丁目１,,,,
5000020232114,豊田市,愛知県豊田市西町３丁目６０,,,,
5000020232122,安城市,愛知県安城市桜町１８－２３,,,,
4000020232131,西尾市,愛知県西尾市寄住町下田２２,,,,
3000020232149,蒲郡市,愛知県蒲郡市旭町１７－１,,,,
3000020232157,犬山市,愛知県犬山市大字犬山字東畑３６,,,,
3000020232165,常滑市,愛知県常滑市新開町４丁目１,,,,
3000020232173,江南市,愛知県江南市赤童子町大堀９０,,,,
2000020232190,小牧市,愛知県小牧市堀の内３丁目１,,,,
7000020232203,稲沢市,愛知県稲沢市稲府町１,,,,
7000020232211,新城市,愛知県新城市字東入船６－１,,,,
6000020232220,東海市,愛知県東海市中央町１丁目１,,,,
5000020232238,大府市,愛知県大府市中央町５丁目７０番地,,,,
5000020232246,知多市,愛知県知多市緑町１,,,,
5000020232254,知立市,愛知県知立市広見３丁目１,,,,
5000020232262,尾張旭市,愛知県尾張旭市東大道町原田２６００－１,,,,
4000020232271,高浜市,愛知県高浜市青木町４丁目１－２,,,,
3000020232289,岩倉市,愛知県岩倉市栄町１丁目６６,,,,
3000020232297,豊明市,愛知県豊明市新田町子持松１－１,,,,
8000020232301,日進市,愛知県日進市蟹甲町池下２６８,,,,
7000020232319,田原市,愛知県田原市田原町南番場３０－１,,,,
7000020232327,愛西市,愛知県愛西市稲葉町米野３０８,,,,
7000020232335,清須市,愛知県清須市須ケ口１２３８,,,,
7000020232343,北名古屋市,愛知県北名古屋市西之保清水田１５,,,,
7000020232351,弥富市,愛知県弥富市前ケ須町南本田３３５,,,,
6000020232360,みよし市,愛知県みよし市三好町小坂５０,,,,
5000020232378,あま市,愛知県あま市木田戍亥１８－１,,,,
5000020232386,長久手市,愛知県長久手市岩作城の内６０－１,,,,
5000020233021,東郷町,愛知県愛知郡東郷町大字春木字羽根穴１,,,,
1000020233421,豊山町,愛知県西春日井郡豊山町大字豊場字新栄２６０,,,,
4000020233617,大口町,愛知県丹羽郡大口町下小口７丁目１５５,,,,
4000020233625,扶桑町,愛知県丹羽郡扶桑町大字高雄字天道３３０,,,,
7000020234249,大治町,愛知県海部郡大治町大字馬島字大門西１－１,,,,
7000020234257,蟹江町,愛知県海部郡蟹江町学戸３丁目１,,,,
7000020234273,飛島村,愛知県海部郡飛島村竹之郷３丁目１番地,,,,
2000020234419,阿久比町,愛知県知多郡阿久比町大字卯坂字殿越５０,,,,
2000020234427,東浦町,愛知県知多郡東浦町大字緒川字政所２０,,,,
2000020234451,南知多町,愛知県知多郡南知多町大字豊浜字貝ケ坪１８,,,,
1000020234460,美浜町,愛知県知多郡美浜町大字河和字北田面１０６,,,,
9000020234478,武豊町,愛知県知多郡武豊町字長尾山２,,,,
7000020235016,幸田町,愛知県額田郡幸田町大字菱池字元林１番地１,,,,
7000020235610,設楽町,愛知県北設楽郡設楽町田口字辻前１４,,,,
6000020235628,東栄町,愛知県北設楽郡東栄町大字本郷字上前畑２５,,,,
6000020235636,豊根村,愛知県北設楽郡豊根村下黒川字蕨平２,,,,
7000020242012,津市,三重県津市西丸之内２３－１,,,,
6000020242021,四日市市,三重県四日市市諏訪町１番５号,,,,
5000020242039,伊勢市,三重県伊勢市岩渕１丁目７－２９,,,,
5000020242047,松阪市,三重県松阪市殿町１３４０番地１,,,,
5000020242055,桑名市,三重県桑名市中央町２丁目３７,,,,
5000020242071,鈴鹿市,三重県鈴鹿市神戸１丁目１８番１８号,,,,
4000020242080,名張市,三重県名張市鴻之台１番町１番地,,,,
3000020242098,尾鷲市,三重県尾鷲市中央町１０－４３,,,,
9000020242101,亀山市,三重県亀山市本丸町５７７,,,,
8000020242110,鳥羽市,三重県鳥羽市鳥羽３丁目１番１号,,,,
7000020242128,熊野市,三重県熊野市井戸町７９６,,,,
7000020242144,いなべ市,三重県いなべ市北勢町阿下喜３１番地,,,,
7000020242152,志摩市,三重県志摩市阿児町鵜方３０９８－２２,,,,
6000020242161,伊賀市,三重県伊賀市四十九町３１８４,,,,
7000020243035,木曽岬町,三重県桑名郡木曽岬町大字西対海地２５１,,,,
9000020243248,東員町,三重県員弁郡東員町大字山田１６００番地,,,,
4000020243418,菰野町,三重県三重郡菰野町大字潤田１２５０番地,,,,
4000020243434,朝日町,三重県三重郡朝日町大字小向８９３,,,,
4000020243442,川越町,三重県三重郡川越町大字豊田一色２８０,,,,
6000020244414,多気町,三重県多気郡多気町相可１６００,,,,
6000020244422,明和町,三重県多気郡明和町大字馬之上９４５,,,,
5000020244431,大台町,三重県多気郡大台町佐原７５０,,,,
8000020244619,玉城町,三重県度会郡玉城町田丸１１４－２,,,,
1000020244708,度会町,三重県度会郡度会町棚橋１２１５－１,,,,
1000020244716,大紀町,三重県度会郡大紀町滝原１６１０－１,,,,
1000020244724,南伊勢町,三重県度会郡南伊勢町五ケ所浦３０５７,,,,
6000020245437,紀北町,三重県北牟婁郡紀北町東長島７６９－１,,,,
1000020245615,御浜町,三重県南牟婁郡御浜町大字阿田和６１２０－１,,,,
1000020245623,紀宝町,三重県南牟婁郡紀宝町鵜殿３２４,,,,
9000020252018,大津市,滋賀県大津市御陵町３－１,,,,
9000020252026,彦根市,滋賀県彦根市元町４－２,,,,
9000020252034,長浜市,滋賀県長浜市八幡東町６３２,,,,
9000020252042,近江八幡市,滋賀県近江八幡市桜宮町２３６,,,,
7000020252069,草津市,滋賀県草津市草津３丁目１３－３０,,,,
7000020252077,守山市,滋賀県守山市吉身２丁目５－２２,,,,
7000020252085,栗東市,滋賀県栗東市安養寺１丁目１３－３３,,,,
7000020252093,甲賀市,滋賀県甲賀市水口町水口６０５３番地,,,,
2000020252107,野洲市,滋賀県野洲市小篠原２１００－１,,,,
2000020252115,湖南市,滋賀県湖南市中央１丁目１番地,,,,
2000020252123,高島市,滋賀県高島市新旭町北畑５６５,,,,
2000020252131,東近江市,滋賀県東近江市八日市緑町１０番５号,,,,
1000020252140,米原市,滋賀県米原市下多良３丁目３,,,,
3000020253839,日野町,滋賀県蒲生郡日野町河原１丁目１,,,,
3000020253847,竜王町,滋賀県蒲生郡竜王町大字小口３,,,,
4000020254258,愛荘町,滋賀県愛知郡愛荘町愛知川７２,,,,
9000020254410,豊郷町,滋賀県犬上郡豊郷町大字石畑３７５,,,,
8000020254428,甲良町,滋賀県犬上郡甲良町大字在士３５３－１,,,,
8000020254436,多賀町,滋賀県犬上郡多賀町大字多賀３２４,,,,
2000020261009,京都市,京都府京都市中京区寺町通御池上る上本能寺前町４８８,,,,
4000020262013,福知山市,京都府福知山市字内記１３－１,,,,
4000020262021,舞鶴市,京都府舞鶴市字北吸１０４４,,,,
3000020262030,綾部市,京都府綾部市若竹町８－１,,,,
2000020262048,宇治市,京都府宇治市宇治琵琶３３,,,,
2000020262056,宮津市,京都府宮津市字柳縄手３４５－１,,,,
2000020262064,亀岡市,京都府亀岡市安町野々神８,,,,
2000020262072,城陽市,京都府城陽市寺田東ノ口１６番地、１７番地,,,,
1000020262081,向日市,京都府向日市寺戸町中野２０,,,,
9000020262099,長岡京市,京都府長岡京市開田１丁目１－１,,,,
6000020262102,八幡市,京都府八幡市八幡園内７５,,,,
5000020262111,京田辺市,京都府京田辺市田辺８０,,,,
4000020262129,京丹後市,京都府京丹後市峰山町杉谷８８９番地,,,,
4000020262137,南丹市,京都府南丹市園部町小桜町４７,,,,
4000020262145,木津川市,京都府木津川市木津南垣外１１０－９,,,,
4000020263036,大山崎町,京都府乙訓郡大山崎町字円明寺小字夏目３,,,,
8000020263222,久御山町,京都府久世郡久御山町島田ミスノ３８番地,,,,
1000020263435,井手町,京都府綴喜郡井手町大字井手小字南玉水６７,,,,
1000020263443,宇治田原町,京都府綴喜郡宇治田原町大字荒木小字西出１０,,,,
3000020263648,笠置町,京都府相楽郡笠置町大字笠置小字西通９０－１,,,,
3000020263656,和束町,京都府相楽郡和束町大字釜塚小字生水１４－２,,,,
3000020263664,精華町,京都府相楽郡精華町大字南稲八妻小字北尻７０番地,,,,
3000020263672,南山城村,京都府相楽郡南山城村大字北大河原小字久保１４－１,,,,
4000020264075,京丹波町,京都府船井郡京丹波町蒲生八ツ谷６２番地６,,,,
5000020264636,伊根町,京都府与謝郡伊根町字日出６５１,,,,
5000020264652,与謝野町,京都府与謝郡与謝野町字岩滝１７９８－１,,,,
6000020271004,大阪市,大阪府大阪市北区中之島１丁目３－２０,,,,
3000020271403,堺市,大阪府堺市堺区南瓦町３番１号,,,,
6000020272027,岸和田市,大阪府岸和田市岸城町７－１,,,,
6000020272035,豊中市,大阪府豊中市中桜塚３丁目１－１,,,,
6000020272043,池田市,大阪府池田市城南１丁目１－１,,,,
6000020272051,吹田市,大阪府吹田市泉町１丁目３－４０,,,,
5000020272060,泉大津市,大阪府泉大津市東雲町９－１２,,,,
4000020272078,高槻市,大阪府高槻市桃園町２－１,,,,
4000020272086,貝塚市,大阪府貝塚市畠中１丁目１７－１,,,,
4000020272094,守口市,大阪府守口市京阪本通２丁目５－５,,,,
8000020272108,枚方市,大阪府枚方市大垣内町２丁目１－２０,,,,
8000020272116,茨木市,大阪府茨木市駅前３丁目８番１３号,,,,
8000020272124,八尾市,大阪府八尾市本町１丁目１－１,,,,
8000020272132,泉佐野市,大阪府泉佐野市市場東１丁目２９５－３,,,,
7000020272141,富田林市,大阪府富田林市常盤町１－１,,,,
6000020272159,寝屋川市,大阪府寝屋川市本町１－１,,,,
6000020272167,河内長野市,大阪府河内長野市原町１丁目１－１,,,,
6000020272175,松原市,大阪府松原市阿保１丁目１－１,,,,
6000020272183,大東市,大阪府大東市谷川１丁目１－１,,,,
6000020272191,和泉市,大阪府和泉市府中町２丁目７－５,,,,
1000020272205,箕面市,大阪府箕面市西小路４丁目６－１,,,,
1000020272213,柏原市,大阪府柏原市安堂町１－５５,,,,
1000020272221,羽曳野市,大阪府羽曳野市誉田４丁目１－１,,,,
9000020272230,門真市,大阪府門真市中町１－１,,,,
8000020272248,摂津市,大阪府摂津市三島１丁目１－１,,,,
8000020272256,高石市,大阪府高石市加茂４丁目１番１号,,,,
8000020272264,藤井寺市,大阪府藤井寺市岡１丁目１－１,,,,
8000020272272,東大阪市,大阪府東大阪市荒本北１丁目１－１,,,,
7000020272281,泉南市,大阪府泉南市樽井１丁目１－１,,,,
6000020272299,四條畷市,大阪府四條畷市中野本町１－１,,,,
3000020272302,交野市,大阪府交野市私部１丁目１－１,,,,
2000020272311,大阪狭山市,大阪府大阪狭山市狭山１丁目２３８４番地の１,,,,
1000020272329,阪南市,大阪府阪南市尾崎町３５－１,,,,
8000020273015,島本町,大阪府三島郡島本町桜井２丁目１－１,,,,
2000020273210,豊能町,大阪府豊能郡豊能町余野４１４番地の１,,,,
1000020273228,能勢町,大阪府豊能郡能勢町宿野２８,,,,
5000020273414,忠岡町,大阪府泉北郡忠岡町忠岡東１丁目３４－１,,,,
7000020273619,熊取町,大阪府泉南郡熊取町野田１丁目１－１,,,,
7000020273627,田尻町,大阪府泉南郡田尻町嘉祥寺３７５－１,,,,
6000020273660,岬町,大阪府泉南郡岬町深日２０００－１,,,,
2000020273813,太子町,大阪府南河内郡太子町大字山田８８,,,,
2000020273821,河南町,大阪府南河内郡河南町大字白木１３５９－６,,,,
1000020273830,千早赤阪村,大阪府南河内郡千早赤阪村大字水分１８０,,,,
9000020281000,神戸市,兵庫県神戸市中央区加納町６丁目５－１,,,,
1000020282014,姫路市,兵庫県姫路市安田４丁目１,,,,
1000020282022,尼崎市,兵庫県尼崎市東七松町１丁目２３－１,,,,
9000020282031,明石市,兵庫県明石市中崎１丁目５－１,,,,
8000020282049,西宮市,兵庫県西宮市六湛寺町１０－３,,,,
8000020282057,洲本市,兵庫県洲本市本町３丁目４－１０,,,,
8000020282065,芦屋市,兵庫県芦屋市精道町７－６,,,,
8000020282073,伊丹市,兵庫県伊丹市千僧１丁目１,,,,
8000020282081,相生市,兵庫県相生市旭１丁目１－３,,,,
7000020282090,豊岡市,兵庫県豊岡市中央町２－４,,,,
3000020282103,加古川市,兵庫県加古川市加古川町北在家２０００番地,,,,
2000020282120,赤穂市,兵庫県赤穂市加里屋８１,,,,
1000020282138,西脇市,兵庫県西脇市郷瀬町６０５,,,,
1000020282146,宝塚市,兵庫県宝塚市東洋町１－１,,,,
1000020282154,三木市,兵庫県三木市上の丸町１０－３０,,,,
1000020282162,高砂市,兵庫県高砂市荒井町千鳥１丁目１－１,,,,
9000020282171,川西市,兵庫県川西市中央町１２－１,,,,
8000020282189,小野市,兵庫県小野市王子町８０６－１,,,,
8000020282197,三田市,兵庫県三田市三輪２丁目１－１,,,,
4000020282201,加西市,兵庫県加西市北条町横尾１０００,,,,
3000020282219,丹波篠山市,兵庫県丹波篠山市北新町４１番地,,,,
3000020282227,養父市,兵庫県養父市八鹿町八鹿１６７５,,,,
3000020282235,丹波市,兵庫県丹波市氷上町成松字甲賀１,,,,
3000020282243,南あわじ市,兵庫県南あわじ市市善光寺２２番地１,,,,
3000020282251,朝来市,兵庫県朝来市和田山町東谷２１３－１,,,,
2000020282260,淡路市,兵庫県淡路市生穂新島８番地,,,,
1000020282278,宍粟市,兵庫県宍粟市山崎町中広瀬１３３－６,,,,
1000020282286,加東市,兵庫県加東市社５０,,,,
1000020282294,たつの市,兵庫県たつの市龍野町富永１００５－１,,,,
2000020283011,猪名川町,兵庫県川辺郡猪名川町上野字北畑１１－１,,,,
9000020283657,多可町,兵庫県多可郡多可町中区中村町１２３,,,,
4000020283819,稲美町,兵庫県加古郡稲美町国岡１丁目１,,,,
4000020283827,播磨町,兵庫県加古郡播磨町東本荘１丁目５－３０,,,,
9000020284424,市川町,兵庫県神崎郡市川町西川辺１６５－３,,,,
9000020284432,福崎町,兵庫県神崎郡福崎町南田原３１１６－１,,,,
7000020284467,神河町,兵庫県神崎郡神河町寺前６４,,,,
2000020284645,太子町,兵庫県揖保郡太子町鵤２８０番地１,,,,
6000020284815,上郡町,兵庫県赤穂郡上郡町大持２７８,,,,
5000020285013,佐用町,兵庫県佐用郡佐用町佐用２６１１－１,,,,
6000020285854,香美町,兵庫県美方郡香美町香住区香住８７０－１,,,,
6000020285862,新温泉町,兵庫県美方郡新温泉町浜坂２６７３－１,,,,
4000020292010,奈良市,奈良県奈良市二条大路南１丁目１－１,,,,
3000020292028,大和高田市,奈良県大和高田市大字大中１００－１,,,,
3000020292036,大和郡山市,奈良県大和郡山市北郡山町２４８－４,,,,
3000020292044,天理市,奈良県天理市川原城町６０５,,,,
3000020292052,橿原市,奈良県橿原市八木町１丁目１－１８,,,,
2000020292061,桜井市,奈良県桜井市大字粟殿４３２－１,,,,
1000020292079,五條市,奈良県五條市本町１丁目１－１,,,,
1000020292087,御所市,奈良県御所市１－３,,,,
1000020292095,生駒市,奈良県生駒市東新町８－３８,,,,
5000020292109,香芝市,奈良県香芝市本町１３９７,,,,
5000020292117,葛城市,奈良県葛城市柿本１６６,,,,
5000020292125,宇陀市,奈良県宇陀市榛原下井足１７－３,,,,
7000020293229,山添村,奈良県山辺郡山添村大字大西１５１,,,,
2000020293423,平群町,奈良県生駒郡平群町吉新１丁目１－１,,,,
2000020293431,三郷町,奈良県生駒郡三郷町勢野西１丁目１－１,,,,
1000020293440,斑鳩町,奈良県生駒郡斑鳩町法隆寺西３丁目７－１２,,,,
9000020293458,安堵町,奈良県生駒郡安堵町大字東安堵９５８,,,,
5000020293610,川西町,奈良県磯城郡川西町大字結崎２８－１,,,,
4000020293628,三宅町,奈良県磯城郡三宅町大字伴堂６８９,,,,
4000020293636,田原本町,奈良県磯城郡田原本町８９０－１,,,,
6000020293857,曽爾村,奈良県宇陀郡曽爾村大字今井４９５－１,,,,
6000020293865,御杖村,奈良県宇陀郡御杖村大字菅野３６８,,,,
7000020294012,高取町,奈良県高市郡高取町大字観覚寺９９０－１,,,,
6000020294021,明日香村,奈良県高市郡明日香村大字岡５５,,,,
9000020294241,上牧町,奈良県北葛城郡上牧町大字上牧３３５０,,,,
8000020294250,王寺町,奈良県北葛城郡王寺町王寺２丁目１－２３,,,,
7000020294268,広陵町,奈良県北葛城郡広陵町大字南郷５８３－１,,,,
7000020294276,河合町,奈良県北葛城郡河合町池部１丁目１－１,,,,
4000020294411,吉野町,奈良県吉野郡吉野町大字上市８０－１,,,,
3000020294420,大淀町,奈良県吉野郡大淀町大字桧垣本２０９０,,,,
2000020294438,下市町,奈良県吉野郡下市町大字下市１９６０,,,,
2000020294446,黒滝村,奈良県吉野郡黒滝村大字寺戸７７,,,,
2000020294462,天川村,奈良県吉野郡天川村大字沢谷６０,,,,
1000020294471,野迫川村,奈良県吉野郡野迫川村大字北股８４,,,,
9000020294497,十津川村,奈良県吉野郡十津川村大字小原２２５－１,,,,
5000020294501,下北山村,奈良県吉野郡下北山村大字寺垣内９８３,,,,
4000020294519,上北山村,奈良県吉野郡上北山村大字河合３３０,,,,
4000020294527,川上村,奈良県吉野郡川上村大字迫１３３５－７,,,,
4000020294535,東吉野村,奈良県吉野郡東吉野村大字小川９９,,,,
6000020302015,和歌山市,和歌山県和歌山市七番丁２３番地,,,,
6000020302023,海南市,和歌山県海南市南赤坂１１,,,,
6000020302031,橋本市,和歌山県橋本市東家１丁目１－１,,,,
5000020302040,有田市,和歌山県有田市箕島５０,,,,
4000020302058,御坊市,和歌山県御坊市薗３５０,,,,
4000020302066,田辺市,和歌山県田辺市新屋敷町１,,,,
4000020302074,新宮市,和歌山県新宮市春日１－１,,,,
4000020302082,紀の川市,和歌山県紀の川市西大井３３８,,,,
3000020302091,岩出市,和歌山県岩出市西野２０９,,,,
6000020303046,紀美野町,和歌山県海草郡紀美野町動木２８７,,,,
4000020303411,かつらぎ町,和歌山県伊都郡かつらぎ町大字丁ノ町２１６０,,,,
3000020303437,九度山町,和歌山県伊都郡九度山町大字九度山１１９０,,,,
3000020303445,高野町,和歌山県伊都郡高野町大字高野山６３６,,,,
7000020303615,湯浅町,和歌山県有田郡湯浅町大字青木６６８－１,,,,
7000020303623,広川町,和歌山県有田郡広川町大字広１５００,,,,
5000020303666,有田川町,和歌山県有田郡有田川町大字下津野２０１８－４,,,,
1000020303810,美浜町,和歌山県日高郡美浜町大字和田１１３８－２７８,,,,
9000020303828,日高町,和歌山県日高郡日高町大字高家６２６,,,,
9000020303836,由良町,和歌山県日高郡由良町大字里１２２０－１,,,,
2000020303909,印南町,和歌山県日高郡印南町大字印南２５７０,,,,
2000020303917,みなべ町,和歌山県日高郡みなべ町芝７４２,,,,
2000020303925,日高川町,和歌山県日高郡日高川町大字土生１６０,,,,
8000020304018,白浜町,和歌山県西牟婁郡白浜町１６００,,,,
8000020304042,上富田町,和歌山県西牟婁郡上富田町朝来７６３,,,,
6000020304069,すさみ町,和歌山県西牟婁郡すさみ町周参見４０８９,,,,
3000020304212,那智勝浦町,和歌山県東牟婁郡那智勝浦町大字築地７丁目１－１,,,,
2000020304221,太地町,和歌山県東牟婁郡太地町大字太地３７６７－１,,,,
1000020304247,古座川町,和歌山県東牟婁郡古座川町高池６７３－２,,,,
1000020304271,北山村,和歌山県東牟婁郡北山村大字大沼４２,,,,
9000020304280,串本町,和歌山県東牟婁郡串本町串本１８００,,,,
9000020312011,鳥取市,鳥取県鳥取市幸町７１番地,,,,
8000020312029,米子市,鳥取県米子市加茂町１丁目１,,,,
8000020312037,倉吉市,鳥取県倉吉市葵町７２２,,,,
8000020312045,境港市,鳥取県境港市上道町３０００,,,,
1000020313025,岩美町,鳥取県岩美郡岩美町大字浦富６７５－１,,,,
3000020313254,若桜町,鳥取県八頭郡若桜町大字若桜８０１－５,,,,
1000020313289,智頭町,鳥取県八頭郡智頭町大字智頭２０７２－１,,,,
1000020313297,八頭町,鳥取県八頭郡八頭町郡家４９３,,,,
9000020313645,三朝町,鳥取県東伯郡三朝町大字大瀬９９９－２,,,,
3000020313700,湯梨浜町,鳥取県東伯郡湯梨浜町大字久留１９－１,,,,
2000020313718,琴浦町,鳥取県東伯郡琴浦町大字徳万５９１－２,,,,
2000020313726,北栄町,鳥取県東伯郡北栄町由良宿４２３－１,,,,
3000020313840,日吉津村,鳥取県西伯郡日吉津村大字日吉津８７２－１５,,,,
2000020313866,大山町,鳥取県西伯郡大山町御来屋３２８,,,,
1000020313891,南部町,鳥取県西伯郡南部町法勝寺３７７－１,,,,
6000020313904,伯耆町,鳥取県西伯郡伯耆町吉長３７－３,,,,
3000020314013,日南町,鳥取県日野郡日南町霞８００,,,,
3000020314021,日野町,鳥取県日野郡日野町根雨１０１,,,,
2000020314030,江府町,鳥取県日野郡江府町大字江尾４７５,,,,
3000020322016,松江市,島根県松江市末次町８６,,,,
3000020322024,浜田市,島根県浜田市殿町１,,,,
3000020322032,出雲市,島根県出雲市今市町７０,,,,
2000020322041,益田市,島根県益田市常盤町１－１,,,,
1000020322059,大田市,島根県大田市大田町大田ロ１１１１,,,,
1000020322067,安来市,島根県安来市安来町８７８－２,,,,
1000020322075,江津市,島根県江津市江津町１５２５,,,,
1000020322091,雲南市,島根県雲南市木次町里方５２１番地１,,,,
9000020323438,奥出雲町,島根県仁多郡奥出雲町三成３５８－１,,,,
6000020323861,飯南町,島根県飯石郡飯南町下赤名８８０,,,,
2000020324418,川本町,島根県邑智郡川本町大字川本２７１－３,,,,
9000020324485,美郷町,島根県邑智郡美郷町粕渕１６８,,,,
9000020324493,邑南町,島根県邑智郡邑南町矢上６０００,,,,
7000020325015,津和野町,島根県鹿足郡津和野町日原５４－２５,,,,
5000020325058,吉賀町,島根県鹿足郡吉賀町六日市７５０,,,,
9000020325252,海士町,島根県隠岐郡海士町大字海士１４９０,,,,
8000020325261,西ノ島町,島根県隠岐郡西ノ島町大字浦郷５３４,,,,
7000020325279,知夫村,島根県隠岐郡知夫村１０６５,,,,
7000020325287,隠岐の島町,島根県隠岐郡隠岐の島町城北町１,,,,
5000020331007,岡山市,岡山県岡山市北区大供１丁目１－１,,,,
6000020332020,倉敷市,岡山県倉敷市西中新田６４０,,,,
5000020332038,津山市,岡山県津山市山北５２０,,,,
5000020332046,玉野市,岡山県玉野市宇野１丁目２７－１,,,,
5000020332054,笠岡市,岡山県笠岡市中央町１－１,,,,
4000020332071,井原市,岡山県井原市井原町３１１－１,,,,
3000020332089,総社市,岡山県総社市中央１丁目１－１,,,,
3000020332097,高梁市,岡山県高梁市松原通２０４３,,,,
8000020332101,新見市,岡山県新見市新見３１０－３,,,,
7000020332119,備前市,岡山県備前市東片上１２６,,,,
7000020332127,瀬戸内市,岡山県瀬戸内市邑久町尾張３００－１,,,,
7000020332135,赤磐市,岡山県赤磐市下市３４４,,,,
7000020332143,真庭市,岡山県真庭市久世２９２７－２,,,,
7000020332151,美作市,岡山県美作市栄町３８－２,,,,
6000020332160,浅口市,岡山県浅口市鴨方町六条院中３０５０,,,,
2000020333468,和気町,岡山県和気郡和気町尺所５５５,,,,
2000020334235,早島町,岡山県都窪郡早島町前潟３６０－１,,,,
4000020334456,里庄町,岡山県浅口郡里庄町大字里見１１０７－２,,,,
8000020334618,矢掛町,岡山県小田郡矢掛町矢掛３０１８,,,,
2000020335860,新庄村,岡山県真庭郡新庄村２００８－１,,,,
9000020336068,鏡野町,岡山県苫田郡鏡野町竹田６６０,,,,
5000020336220,勝央町,岡山県勝田郡勝央町勝間田２０１,,,,
4000020336238,奈義町,岡山県勝田郡奈義町豊沢３０６－１,,,,
8000020336432,西粟倉村,岡山県英田郡西粟倉村大字影石２,,,,
1000020336637,久米南町,岡山県久米郡久米南町下弓削５０２－１,,,,
1000020336661,美咲町,岡山県久米郡美咲町原田１７３５,,,,
5000020336815,吉備中央町,岡山県加賀郡吉備中央町豊野１－２,,,,
9000020341002,広島市,広島県広島市中区国泰寺町１丁目６－３４,,,,
9000020342025,呉市,広島県呉市中央４丁目１－６,,,,
9000020342033,竹原市,広島県竹原市中央５丁目１－３５,,,,
9000020342041,三原市,広島県三原市港町３丁目５－１,,,,
8000020342050,尾道市,広島県尾道市久保１丁目１５－１,,,,
7000020342076,福山市,広島県福山市東桜町３－５,,,,
7000020342084,府中市,広島県府中市府川町３１５,,,,
7000020342092,三次市,広島県三次市十日市中２丁目８－１,,,,
2000020342106,庄原市,広島県庄原市中本町１丁目１０－１,,,,
2000020342114,大竹市,広島県大竹市小方１丁目１１－１,,,,
2000020342122,東広島市,広島県東広島市西条栄町８－２９,,,,
1000020342131,廿日市市,広島県廿日市市下平良１丁目１１－１,,,,
9000020342149,安芸高田市,広島県安芸高田市吉田町吉田７９１,,,,
9000020342157,江田島市,広島県江田島市大柿町大原５０５,,,,
2000020343021,府中町,広島県安芸郡府中町大通３丁目５－１,,,,
9000020343048,海田町,広島県安芸郡海田町上市１４－１８,,,,
9000020343072,熊野町,広島県安芸郡熊野町中溝１丁目１－１,,,,
7000020343099,坂町,広島県安芸郡坂町平成ヶ浜１丁目１－１,,,,
8000020343684,安芸太田町,広島県山県郡安芸太田町大字戸河内７８４－１,,,,
8000020343692,北広島町,広島県山県郡北広島町有田１２３４,,,,
8000020344311,大崎上島町,広島県豊田郡大崎上島町東野６６２５－１,,,,
3000020344621,世羅町,広島県世羅郡世羅町大字西上原１２３－１,,,,
8000020345458,神石高原町,広島県神石郡神石高原町小畠２０２５,,,,
4000020352012,下関市,山口県下関市南部町１－１,,,,
3000020352021,宇部市,山口県宇部市常盤町１丁目７－１,,,,
2000020352039,山口市,山口県山口市亀山町２－１,,,,
2000020352047,萩市,山口県萩市大字江向５１０,,,,
2000020352063,防府市,山口県防府市寿町７－１,,,,
2000020352071,下松市,山口県下松市大手町３丁目３－３,,,,
1000020352080,岩国市,山口県岩国市今津町１丁目１４－５１,,,,
6000020352101,光市,山口県光市中央６丁目１－１,,,,
5000020352110,長門市,山口県長門市東深川１３３９－２,,,,
4000020352128,柳井市,山口県柳井市南町１丁目１０－２,,,,
4000020352136,美祢市,山口県美祢市大嶺町東分３２６－１,,,,
4000020352152,周南市,山口県周南市岐山通１丁目１,,,,
3000020352161,山陽小野田市,山口県山陽小野田市日の出１丁目１－１,,,,
4000020353051,周防大島町,山口県大島郡周防大島町大字小松１２６－２,,,,
8000020353213,和木町,山口県玖珂郡和木町和木１丁目１－１,,,,
1000020353418,上関町,山口県熊毛郡上関町大字長島５０３,,,,
1000020353434,田布施町,山口県熊毛郡田布施町大字下田布施３４４０－１,,,,
1000020353442,平生町,山口県熊毛郡平生町大字平生町２１０－１,,,,
7000020355020,阿武町,山口県阿武郡阿武町大字奈古２６３６,,,,
6000020362018,徳島市,徳島県徳島市幸町２丁目５,,,,
6000020362026,鳴門市,徳島県鳴門市撫養町南浜字東浜１７０,,,,
6000020362034,小松島市,徳島県小松島市横須町１－１,,,,
6000020362042,阿南市,徳島県阿南市富岡町トノ町１２－３,,,,
5000020362051,吉野川市,徳島県吉野川市鴨島町鴨島１１５－１,,,,
4000020362069,阿波市,徳島県阿波市市場町切幡字古田２０１－１,,,,
4000020362077,美馬市,徳島県美馬市穴吹町穴吹字九反地５,,,,
4000020362085,三好市,徳島県三好市池田町シンマチ１５００－２,,,,
8000020363014,勝浦町,徳島県勝浦郡勝浦町大字久国字久保田３,,,,
8000020363022,上勝町,徳島県勝浦郡上勝町大字福原字下横峯３－１,,,,
1000020363219,佐那河内村,徳島県名東郡佐那河内村下字中辺７１－１,,,,
5000020363413,石井町,徳島県名西郡石井町高川原字高川原１２１－１,,,,
5000020363421,神山町,徳島県名西郡神山町神領字本野間１００,,,,
5000020363685,那賀町,徳島県那賀郡那賀町和食郷字南川１０４－１,,,,
9000020363839,牟岐町,徳島県海部郡牟岐町大字中村字本村７－４,,,,
9000020363871,美波町,徳島県海部郡美波町奥河内字本村１８－１,,,,
8000020363880,海陽町,徳島県海部郡海陽町大里字上中須１２８,,,,
9000020364011,松茂町,徳島県板野郡松茂町広島字東裏３０,,,,
8000020364029,北島町,徳島県板野郡北島町中村字上地２３－１,,,,
8000020364037,藍住町,徳島県板野郡藍住町奥野字矢上前５２－１,,,,
8000020364045,板野町,徳島県板野郡板野町吹田字町南２２－２,,,,
8000020364053,上板町,徳島県板野郡上板町七條字経塚４２,,,,
7000020364681,つるぎ町,徳島県美馬郡つるぎ町貞光字東浦１－３,,,,
9000020364894,東みよし町,徳島県三好郡東みよし町加茂３３６０,,,,
1000020372013,高松市,香川県高松市番町１丁目８－１５,,,,
1000020372021,丸亀市,香川県丸亀市大手町２丁目３－１,,,,
9000020372030,坂出市,香川県坂出市室町２丁目３－５,,,,
8000020372048,善通寺市,香川県善通寺市文京町２丁目１－１,,,,
8000020372056,観音寺市,香川県観音寺市坂本町１丁目１－１,,,,
8000020372064,さぬき市,香川県さぬき市志度５３８５－８,,,,
8000020372072,東かがわ市,香川県東かがわ市湊１８４７－１,,,,
7000020372081,三豊市,香川県三豊市高瀬町下勝間２３７３－１,,,,
5000020373222,土庄町,香川県小豆郡土庄町甲５５９－２,,,,
3000020373249,小豆島町,香川県小豆郡小豆島町片城甲４４番地９５,,,,
7000020373419,三木町,香川県木田郡三木町大字氷上３１０,,,,
9000020373648,直島町,香川県香川郡直島町１１２２－１,,,,
2000020373869,宇多津町,香川県綾歌郡宇多津町１８８１,,,,
2000020373877,綾川町,香川県綾歌郡綾川町滝宮２９９,,,,
3000020374032,琴平町,香川県仲多度郡琴平町榎井８１７－１０,,,,
2000020374041,多度津町,香川県仲多度郡多度津町栄町１丁目１－９１,,,,
1000020374067,まんのう町,香川県仲多度郡まんのう町吉野下４３０,,,,
3000020382019,松山市,愛媛県松山市二番町４丁目７－２,,,,
3000020382027,今治市,愛媛県今治市別宮町１丁目４－１,,,,
3000020382035,宇和島市,愛媛県宇和島市曙町１,,,,
3000020382043,八幡浜市,愛媛県八幡浜市北浜１丁目１番１号,,,,
3000020382051,新居浜市,愛媛県新居浜市一宮町１丁目５－１,,,,
2000020382060,西条市,愛媛県西条市明屋敷１６４,,,,
1000020382078,大洲市,愛媛県大洲市大洲６９０－１,,,,
5000020382108,伊予市,愛媛県伊予市米湊８２０,,,,
5000020382132,四国中央市,愛媛県四国中央市三島宮川４丁目６－５５,,,,
4000020382141,西予市,愛媛県西予市宇和町卯之町３丁目４３４－１,,,,
3000020382159,東温市,愛媛県東温市見奈良５３０－１,,,,
2000020383562,上島町,愛媛県越智郡上島町弓削下弓削２１０,,,,
6000020383864,久万高原町,愛媛県上浮穴郡久万高原町久万２１２,,,,
7000020384011,松前町,愛媛県伊予郡松前町大字筒井６３１,,,,
6000020384020,砥部町,愛媛県伊予郡砥部町宮内１３９２,,,,
9000020384224,内子町,愛媛県喜多郡内子町平岡甲１６８,,,,
2000020384429,伊方町,愛媛県西宇和郡伊方町湊浦１９９３－１,,,,
8000020384844,松野町,愛媛県北宇和郡松野町大字松丸３４３,,,,
6000020384887,鬼北町,愛媛県北宇和郡鬼北町大字近永８００－１,,,,
5000020385069,愛南町,愛媛県南宇和郡愛南町城辺甲２４２０,,,,
7000020392014,高知市,高知県高知市本町５丁目１－４５,,,,
7000020392022,室戸市,高知県室戸市浮津２５－１,,,,
6000020392031,安芸市,高知県安芸市矢ノ丸１丁目４－４０,,,,
5000020392049,南国市,高知県南国市大そね甲２３０１,,,,
5000020392057,土佐市,高知県土佐市高岡町甲２０１７－１,,,,
5000020392065,須崎市,高知県須崎市山手町１－７,,,,
5000020392081,宿毛市,高知県宿毛市桜町２－１,,,,
4000020392090,土佐清水市,高知県土佐清水市天神町１１－２,,,,
9000020392103,四万十市,高知県四万十市中村大橋通４丁目１０,,,,
9000020392111,香南市,高知県香南市野市町西野２７０６,,,,
8000020392120,香美市,高知県香美市土佐山田町宝町１丁目２－１,,,,
8000020393011,東洋町,高知県安芸郡東洋町大字生見７５８－３,,,,
7000020393029,奈半利町,高知県安芸郡奈半利町乙１６５９－１,,,,
7000020393037,田野町,高知県安芸郡田野町１８２８－５,,,,
7000020393045,安田町,高知県安芸郡安田町大字安田１８５０,,,,
7000020393053,北川村,高知県安芸郡北川村大字野友甲１５３０,,,,
7000020393061,馬路村,高知県安芸郡馬路村大字馬路４４３番地,,,,
6000020393070,芸西村,高知県安芸郡芸西村和食甲１２６２,,,,
5000020393410,本山町,高知県長岡郡本山町本山５０４,,,,
4000020393444,大豊町,高知県長岡郡大豊町津家１６２６番地,,,,
7000020393631,土佐町,高知県土佐郡土佐町土居１９４,,,,
6000020393649,大川村,高知県土佐郡大川村小松２７－１,,,,
9000020393860,いの町,高知県吾川郡いの町１７００－１,,,,
8000020393878,仁淀川町,高知県吾川郡仁淀川町大崎２００,,,,
9000020394017,中土佐町,高知県高岡郡中土佐町久礼６６０２－２,,,,
9000020394025,佐川町,高知県高岡郡佐川町甲１６５０－２,,,,
9000020394033,越知町,高知県高岡郡越知町越知甲１９７０,,,,
8000020394050,梼原町,高知県高岡郡檮原町梼原１４４４－１,,,,
2000020394106,日高村,高知県高岡郡日高村本郷６１－１,,,,
2000020394114,津野町,高知県高岡郡津野町永野４７１－１,,,,
2000020394122,四万十町,高知県高岡郡四万十町琴平町１６－１７,,,,
2000020394246,大月町,高知県幡多郡大月町大字弘見２２３０,,,,
1000020394271,三原村,高知県幡多郡三原村大字来栖野３４６,,,,
9000020394289,黒潮町,高知県幡多郡黒潮町入野５８９３,,,,
8000020401005,北九州市,福岡県北九州市小倉北区城内１－１,,,,
3000020401307,福岡市,福岡県福岡市中央区天神１丁目８－１,,,,
8000020402028,大牟田市,福岡県大牟田市有明町２丁目３,,,,
8000020402036,久留米市,福岡県久留米市城南町１５－３,,,,
8000020402044,直方市,福岡県直方市殿町７－１,,,,
8000020402052,飯塚市,福岡県飯塚市新立岩５－５,,,,
7000020402061,田川市,福岡県田川市中央町１－１,,,,
6000020402079,柳川市,福岡県柳川市本町８７－１,,,,
1000020402109,八女市,福岡県八女市本町６４７,,,,
1000020402117,筑後市,福岡県筑後市大字山ノ井８９８,,,,
1000020402125,大川市,福岡県大川市大字酒見２５６－１,,,,
1000020402133,行橋市,福岡県行橋市中央１丁目１－１,,,,
1000020402141,豊前市,福岡県豊前市大字吉木９５５,,,,
9000020402150,中間市,福岡県中間市中間１丁目１－１,,,,
8000020402168,小郡市,福岡県小郡市小郡２５５－１,,,,
8000020402176,筑紫野市,福岡県筑紫野市石崎１丁目１番１号,,,,
8000020402184,春日市,福岡県春日市原町３丁目１－５,,,,
8000020402192,大野城市,福岡県大野城市曙町２丁目２－１,,,,
3000020402206,宗像市,福岡県宗像市東郷１丁目１－１,,,,
3000020402214,太宰府市,福岡県太宰府市観世音寺１丁目１－１,,,,
2000020402231,古賀市,福岡県古賀市駅東１丁目１－１,,,,
1000020402249,福津市,福岡県福津市中央１丁目１番１号,,,,
1000020402257,うきは市,福岡県うきは市吉井町新治３１６,,,,
1000020402265,宮若市,福岡県宮若市宮田２９－１,,,,
1000020402273,嘉麻市,福岡県嘉麻市上臼井４４６－１,,,,
1000020402281,朝倉市,福岡県朝倉市菩提寺４１２－２,,,,
9000020402290,みやま市,福岡県みやま市瀬高町小川５,,,,
5000020402303,糸島市,福岡県糸島市前原西１丁目１－１,,,,
5000020402311,那珂川市,福岡県那珂川市西隈１丁目１－１,,,,
8000020403059,那珂川町,福岡県筑紫郡那珂川町西隈１丁目１－１,平成30年10月1日  市制移行により閉鎖,,,
7000020403415,宇美町,福岡県糟屋郡宇美町宇美５丁目１－１,,,,
7000020403423,篠栗町,福岡県糟屋郡篠栗町大字篠栗４８５５－５,,,,
7000020403431,志免町,福岡県糟屋郡志免町志免中央１丁目１－１,,,,
6000020403440,須恵町,福岡県糟屋郡須惠町大字須惠７７１番地,,,,
5000020403458,新宮町,福岡県糟屋郡新宮町緑ケ浜１丁目１－１,,,,
5000020403482,久山町,福岡県糟屋郡久山町大字久原３６３２,,,,
4000020403491,粕屋町,福岡県糟屋郡粕屋町駕与丁１丁目１－１,,,,
4000020403814,芦屋町,福岡県遠賀郡芦屋町幸町２－２０,,,,
4000020403822,水巻町,福岡県遠賀郡水巻町頃末北１丁目１－１,,,,
3000020403831,岡垣町,福岡県遠賀郡岡垣町野間１丁目１－１,,,,
2000020403849,遠賀町,福岡県遠賀郡遠賀町大字今古賀５１３番地,,,,
3000020404012,小竹町,福岡県鞍手郡小竹町大字勝野３３４９,,,,
2000020404021,鞍手町,福岡県鞍手郡鞍手町大字中山３７０５,,,,
5000020404217,桂川町,福岡県嘉穂郡桂川町大字土居４２４－１,,,,
6000020404471,筑前町,福岡県朝倉郡筑前町篠隈３７３,,,,
5000020404489,東峰村,福岡県朝倉郡東峰村大字宝珠山６４２５,,,,
3000020405035,大刀洗町,福岡県三井郡大刀洗町大字冨多８１９,,,,
7000020405221,大木町,福岡県三潴郡大木町大字八町牟田２５５－１,,,,
9000020405442,広川町,福岡県八女郡広川町大字新代１８０４－１,,,,
5000020406015,香春町,福岡県田川郡香春町大字高野９９４,,,,
5000020406023,添田町,福岡県田川郡添田町大字添田２１５１,,,,
4000020406040,糸田町,福岡県田川郡糸田町１９７５－１,,,,
3000020406058,川崎町,福岡県田川郡川崎町大字田原７８９－２,,,,
3000020406082,大任町,福岡県田川郡大任町大字大行事３０６７,,,,
2000020406091,赤村,福岡県田川郡赤村大字内田１１８８,,,,
7000020406104,福智町,福岡県田川郡福智町金田９３７－２,,,,
8000020406210,苅田町,福岡県京都郡苅田町富久町１丁目１９－１,,,,
7000020406252,みやこ町,福岡県京都郡みやこ町勝山上田９６０,,,,
2000020406422,吉富町,福岡県築上郡吉富町大字広津２２６－１,,,,
9000020406465,上毛町,福岡県築上郡上毛町大字垂水１３２１－１,,,,
9000020406473,築上町,福岡県築上郡築上町大字椎田８９１－２,,,,
3000020412015,佐賀市,佐賀県佐賀市栄町１－１,,,,
3000020412023,唐津市,佐賀県唐津市西城内１－１,,,,
3000020412031,鳥栖市,佐賀県鳥栖市宿町１１１８,,,,
2000020412040,多久市,佐賀県多久市北多久町大字小侍７－１,,,,
1000020412058,伊万里市,佐賀県伊万里市立花町１３５５－１,,,,
1000020412066,武雄市,佐賀県武雄市武雄町大字昭和１２－１０,,,,
1000020412074,鹿島市,佐賀県鹿島市大字納富分２６４３－１,,,,
1000020412082,小城市,佐賀県小城市三日月町長神田２３１２－２,,,,
9000020412091,嬉野市,佐賀県嬉野市塩田町大字馬場下甲１７６９,,,,
5000020412104,神埼市,佐賀県神埼市神埼町神埼４１０,,,,
5000020413275,吉野ヶ里町,佐賀県神埼郡吉野ヶ里町吉田３２１－２,,,,
1000020413411,基山町,佐賀県三養基郡基山町大字宮浦６６６,,,,
9000020413453,上峰町,佐賀県三養基郡上峰町大字坊所３８３－１,,,,
9000020413461,みやき町,佐賀県三養基郡みやき町大字東尾７３７－５,,,,
4000020413879,玄海町,佐賀県東松浦郡玄海町大字諸浦３４８,,,,
5000020414018,有田町,佐賀県西松浦郡有田町立部乙２２０２,,,,
7000020414239,大町町,佐賀県杵島郡大町町大字大町５０１７,,,,
7000020414247,江北町,佐賀県杵島郡江北町大字山口１６５１－１,,,,
7000020414255,白石町,佐賀県杵島郡白石町大字福田１２４７－１,,,,
2000020414417,太良町,佐賀県藤津郡太良町大字多良１－６,,,,
6000020422011,長崎市,長崎県長崎市桜町２－２２,,,,
5000020422029,佐世保市,長崎県佐世保市八幡町１番１０号,,,,
5000020422037,島原市,長崎県島原市上の町５３７,,,,
5000020422045,諫早市,長崎県諫早市東小路町７－１,,,,
5000020422053,大村市,長崎県大村市玖島１丁目２５,,,,
4000020422070,平戸市,長崎県平戸市岩の上町１５０８－３,,,,
3000020422088,松浦市,長崎県松浦市志佐町里免３６５,,,,
3000020422096,対馬市,長崎県対馬市厳原町国分１４４１,,,,
8000020422100,壱岐市,長崎県壱岐市郷ノ浦町本村触５６２,,,,
7000020422118,五島市,長崎県五島市福江町１－１,,,,
7000020422126,西海市,長崎県西海市大瀬戸町瀬戸樫浦郷２２２２,,,,
7000020422134,雲仙市,長崎県雲仙市吾妻町牛口名７１４,,,,
7000020422142,南島原市,長崎県南島原市西有家町里坊９６番地２,,,,
5000020423076,長与町,長崎県西彼杵郡長与町嬉里郷６５９－１,,,,
5000020423084,時津町,長崎県西彼杵郡時津町浦郷２７４－１,,,,
2000020423211,東彼杵町,長崎県東彼杵郡東彼杵町蔵本郷１８５０－６,,,,
1000020423220,川棚町,長崎県東彼杵郡川棚町中組郷１５１８－１,,,,
9000020423238,波佐見町,長崎県東彼杵郡波佐見町宿郷６６０,,,,
1000020423831,小値賀町,長崎県北松浦郡小値賀町笛吹郷２３７６－１,,,,
3000020423912,佐々町,長崎県北松浦郡佐々町本田原免１６８－２,,,,
1000020424111,新上五島町,長崎県南松浦郡新上五島町青方郷１５８５－１,,,,
9000020431001,熊本市,熊本県熊本市中央区手取本町１－１,,,,
9000020432024,八代市,熊本県八代市松江城町１－２５,,,,
9000020432032,人吉市,熊本県人吉市麓町１６,,,,
8000020432041,荒尾市,熊本県荒尾市宮内出目３９０,,,,
7000020432059,水俣市,熊本県水俣市陣内１丁目１－１,,,,
7000020432067,玉名市,熊本県玉名市岩崎１６３,,,,
7000020432083,山鹿市,熊本県山鹿市山鹿９８７－３,,,,
2000020432105,菊池市,熊本県菊池市隈府８８８,,,,
2000020432113,宇土市,熊本県宇土市浦田町５１,,,,
2000020432121,上天草市,熊本県上天草市大矢野町上１５１４,,,,
1000020432130,宇城市,熊本県宇城市松橋町大野８５,,,,
9000020432148,阿蘇市,熊本県阿蘇市一の宮町宮地５０４－１,,,,
9000020432156,天草市,熊本県天草市東浜町８－１,,,,
9000020432164,合志市,熊本県合志市竹迫２１４０,,,,
4000020433489,美里町,熊本県下益城郡美里町馬場１１００,,,,
9000020433641,玉東町,熊本県玉名郡玉東町大字木葉７５９,,,,
8000020433675,南関町,熊本県玉名郡南関町大字関町１３１６,,,,
8000020433683,長洲町,熊本県玉名郡長洲町大字長洲２７６６,,,,
8000020433691,和水町,熊本県玉名郡和水町江田３８８６,,,,
2000020434035,大津町,熊本県菊池郡大津町大字大津１２３３,,,,
2000020434043,菊陽町,熊本県菊池郡菊陽町大字久保田２８００,,,,
5000020434230,南小国町,熊本県阿蘇郡南小国町大字赤馬場１４３,,,,
4000020434248,小国町,熊本県阿蘇郡小国町大字宮原１５６７－１,,,,
4000020434256,産山村,熊本県阿蘇郡産山村大字山鹿４８８－３,,,,
3000020434281,高森町,熊本県阿蘇郡高森町大字高森２１６８,,,,
6000020434329,西原村,熊本県阿蘇郡西原村大字小森３２５９,,,,
6000020434337,南阿蘇村,熊本県阿蘇郡南阿蘇村大字河陽１７０５－１,,,,
8000020434418,御船町,熊本県上益城郡御船町大字御船９９５－１,,,,
8000020434426,嘉島町,熊本県上益城郡嘉島町大字上島５３０,,,,
8000020434434,益城町,熊本県上益城郡益城町大字宮園７０２,,,,
8000020434442,甲佐町,熊本県上益城郡甲佐町大字豊内７１９－４,,,,
6000020434477,山都町,熊本県上益城郡山都町浜町６,,,,
9000020434680,氷川町,熊本県八代郡氷川町島地６４２,,,,
5000020434825,芦北町,熊本県葦北郡芦北町大字芦北２０１５,,,,
5000020434841,津奈木町,熊本県葦北郡津奈木町大字小津奈木２１２３,,,,
4000020435015,錦町,熊本県球磨郡錦町大字一武１５８７,,,,
2000020435058,多良木町,熊本県球磨郡多良木町大字多良木１６４８,,,,
2000020435066,湯前町,熊本県球磨郡湯前町１９８９－１,,,,
2000020435074,水上村,熊本県球磨郡水上村大字岩野９０,,,,
6000020435104,相良村,熊本県球磨郡相良村大字深水２５００－１,,,,
6000020435112,五木村,熊本県球磨郡五木村甲字下手２６７２－７,,,,
5000020435121,山江村,熊本県球磨郡山江村大字山田甲１３５６－１,,,,
4000020435139,球磨村,熊本県球磨郡球磨村大字渡丙１７３０,,,,
4000020435147,あさぎり町,熊本県球磨郡あさぎり町免田東１１９９,,,,
8000020435317,苓北町,熊本県天草郡苓北町志岐６６０,,,,
4000020442011,大分市,大分県大分市荷揚町２－３１,,,,
3000020442020,別府市,大分県別府市上野口町１－１５,,,,
2000020442038,中津市,大分県中津市豊田町１４－３,,,,
2000020442046,日田市,大分県日田市田島２丁目６番１号,,,,
2000020442054,佐伯市,大分県佐伯市中村南町１－１,,,,
2000020442062,臼杵市,大分県臼杵市大字臼杵７２－１,,,,
1000020442071,津久見市,大分県津久見市宮本町２０－１５,,,,
9000020442089,竹田市,大分県竹田市大字会々１６５０,,,,
9000020442097,豊後高田市,大分県豊後高田市是永町３９番地３,,,,
5000020442101,杵築市,大分県杵築市大字杵築３７７－１,,,,
4000020442119,宇佐市,大分県宇佐市大字上田１０３０－１,,,,
4000020442127,豊後大野市,大分県豊後大野市三重町市場１２００,,,,
4000020442135,由布市,大分県由布市庄内町柿原３０２,,,,
4000020442143,国東市,大分県国東市国東町鶴川１４９番地,,,,
7000020443221,姫島村,大分県東国東郡姫島村１６３０－１,,,,
1000020443417,日出町,大分県速見郡日出町２９７４－１,,,,
5000020444618,九重町,大分県玖珠郡九重町大字後野上８－１,,,,
5000020444626,玖珠町,大分県玖珠郡玖珠町大字帆足２６８－５,,,,
6000020452017,宮崎市,宮崎県宮崎市橘通西１丁目１－１,,,,
6000020452025,都城市,宮崎県都城市姫城町６－２１,,,,
6000020452033,延岡市,宮崎県延岡市東本小路２－１,,,,
6000020452041,日南市,宮崎県日南市中央通１丁目１－１,,,,
5000020452050,小林市,宮崎県小林市細野３００,,,,
4000020452068,日向市,宮崎県日向市本町１０－５,,,,
4000020452076,串間市,宮崎県串間市大字西方５５５０,,,,
4000020452084,西都市,宮崎県西都市聖陵町２丁目１,,,,
4000020452092,えびの市,宮崎県えびの市大字栗下１２９２,,,,
5000020453412,三股町,宮崎県北諸県郡三股町五本松１－１,,,,
7000020453617,高原町,宮崎県西諸県郡高原町大字西麓８９９,,,,
1000020453820,国富町,宮崎県東諸県郡国富町大字本庄４８００,,,,
9000020453838,綾町,宮崎県東諸県郡綾町大字南俣５１５,,,,
9000020454010,高鍋町,宮崎県児湯郡高鍋町大字上江８４３７,,,,
8000020454028,新富町,宮崎県児湯郡新富町大字上富田７４９１,,,,
8000020454036,西米良村,宮崎県児湯郡西米良村大字村所１５,,,,
8000020454044,木城町,宮崎県児湯郡木城町大字高城１２２７－１,,,,
8000020454052,川南町,宮崎県児湯郡川南町大字川南１３６８０－１,,,,
7000020454061,都農町,宮崎県児湯郡都農町大字川北４８７４－２,,,,
3000020454214,門川町,宮崎県東臼杵郡門川町本町１丁目１,,,,
9000020454290,諸塚村,宮崎県東臼杵郡諸塚村大字家代２６８３,,,,
5000020454303,椎葉村,宮崎県東臼杵郡椎葉村大字下福良１７６２－１,,,,
5000020454311,美郷町,宮崎県東臼杵郡美郷町西郷田代１,,,,
5000020454419,高千穂町,宮崎県西臼杵郡高千穂町大字三田井１３,,,,
5000020454427,日之影町,宮崎県西臼杵郡日之影町大字岩井川３３９８－１,,,,
5000020454435,五ヶ瀬町,宮崎県西臼杵郡五ヶ瀬町大字三ヶ所１６７０,,,,
1000020462012,鹿児島市,鹿児島県鹿児島市山下町１１－１,,,,
8000020462039,鹿屋市,鹿児島県鹿屋市共栄町２０－１,,,,
8000020462047,枕崎市,鹿児島県枕崎市千代田町２７,,,,
8000020462063,阿久根市,鹿児島県阿久根市鶴見町２００,,,,
7000020462080,出水市,鹿児島県出水市緑町１－３,,,,
3000020462101,指宿市,鹿児島県指宿市十町２４２４,,,,
1000020462136,西之表市,鹿児島県西之表市西之表７６１２,,,,
1000020462144,垂水市,鹿児島県垂水市上町１１４,,,,
1000020462152,薩摩川内市,鹿児島県薩摩川内市神田町３－２２,,,,
9000020462161,日置市,鹿児島県日置市伊集院町郡１丁目１００番地,,,,
8000020462179,曽於市,鹿児島県曽於市末吉町二之方１９８０,,,,
8000020462187,霧島市,鹿児島県霧島市国分中央３丁目４５番１号,,,,
8000020462195,いちき串木野市,鹿児島県いちき串木野市昭和通１３３－１,,,,
3000020462209,南さつま市,鹿児島県南さつま市加世田川畑２６４８,,,,
3000020462217,志布志市,鹿児島県志布志市有明町野井倉１７５６,,,,
3000020462225,奄美市,鹿児島県奄美市名瀬幸町２５－８,,,,
3000020462233,南九州市,鹿児島県南九州市知覧町郡６２０４,,,,
3000020462241,伊佐市,鹿児島県伊佐市大口里１８８８,,,,
2000020462250,姶良市,鹿児島県姶良市宮島町２５,,,,
1000020463035,三島村,鹿児島県鹿児島市名山町１２－１８,,,,
1000020463043,十島村,鹿児島県鹿児島市泉町１４－１５,,,,
6000020463922,さつま町,鹿児島県薩摩郡さつま町宮之城屋地１５６５－２,,,,
2000020464040,長島町,鹿児島県出水郡長島町鷹巣１８７５－１,,,,
1000020464520,湧水町,鹿児島県姶良郡湧水町木場２２２,,,,
9000020464686,大崎町,鹿児島県曽於郡大崎町假宿１０２９,,,,
6000020464821,東串良町,鹿児島県肝属郡東串良町川西１５４３,,,,
8000020464902,錦江町,鹿児島県肝属郡錦江町城元９６３,,,,
7000020464911,南大隅町,鹿児島県肝属郡南大隅町根占川北２２６,,,,
6000020464929,肝付町,鹿児島県肝属郡肝付町新富９８,,,,
5000020465011,中種子町,鹿児島県熊毛郡中種子町野間５１８６,,,,
4000020465020,南種子町,鹿児島県熊毛郡南種子町中之上２７９３－１,,,,
3000020465054,屋久島町,鹿児島県熊毛郡屋久島町小瀬田８４９番地２０,,,,
7000020465232,大和村,鹿児島県大島郡大和村大字大和浜１００,,,,
6000020465241,宇検村,鹿児島県大島郡宇検村大字湯湾９１５,,,,
5000020465259,瀬戸内町,鹿児島県大島郡瀬戸内町大字古仁屋字船津２３,,,,
5000020465275,龍郷町,鹿児島県大島郡龍郷町浦１１０,,,,
5000020465291,喜界町,鹿児島県大島郡喜界町大字湾１７４６,,,,
9000020465305,徳之島町,鹿児島県大島郡徳之島町亀津７２０３,,,,
9000020465313,天城町,鹿児島県大島郡天城町大字平土野２６９１－１,,,,
9000020465321,伊仙町,鹿児島県大島郡伊仙町大字伊仙１８４２,,,,
8000020465330,和泊町,鹿児島県大島郡和泊町大字和泊１０,,,,
7000020465348,知名町,鹿児島県大島郡知名町大字知名３０７,,,,
7000020465356,与論町,鹿児島県大島郡与論町大字茶花３２－１,,,,
3000020472018,那覇市,沖縄県那覇市泉崎１丁目１－１,,,,
2000020472051,宜野湾市,沖縄県宜野湾市野嵩１丁目１－１,,,,
1000020472077,石垣市,沖縄県石垣市美崎町１４,,,,
1000020472085,浦添市,沖縄県浦添市安波茶１丁目１－１,,,,
1000020472093,名護市,沖縄県名護市港１丁目１－１,,,,
5000020472107,糸満市,沖縄県糸満市潮崎町１丁目１,,,,
5000020472115,沖縄市,沖縄県沖縄市仲宗根町２６－１,,,,
5000020472123,豊見城市,沖縄県豊見城市宜保１丁目１番地１,,,,
5000020472131,うるま市,沖縄県うるま市みどり町１丁目１番１号,,,,
4000020472140,宮古島市,沖縄県宮古島市平良字西里１８６,,,,
3000020472158,南城市,沖縄県南城市佐敷字新里１８７０番地,,,,
5000020473014,国頭村,沖縄県国頭郡国頭村字辺土名１２１,,,,
5000020473022,大宜味村,沖縄県国頭郡大宜味村字大兼久１５７,,,,
4000020473031,東村,沖縄県国頭郡東村字平良８０４,,,,
3000020473065,今帰仁村,沖縄県国頭郡今帰仁村字仲宗根２１９,,,,
3000020473081,本部町,沖縄県国頭郡本部町字東５,,,,
7000020473111,恩納村,沖縄県国頭郡恩納村字恩納２４５１,,,,
5000020473138,宜野座村,沖縄県国頭郡宜野座村字宜野座２９６,,,,
5000020473146,金武町,沖縄県国頭郡金武町字金武１,,,,
5000020473154,伊江村,沖縄県国頭郡伊江村字東江前３８,,,,
7000020473243,読谷村,沖縄県中頭郡読谷村字座喜味２９０１,,,,
7000020473251,嘉手納町,沖縄県中頭郡嘉手納町字嘉手納５８８,,,,
6000020473260,北谷町,沖縄県中頭郡北谷町字桑江２２６番地,,,,
5000020473278,北中城村,沖縄県中頭郡北中城村字喜舎場４２６－２,,,,
5000020473286,中城村,沖縄県中頭郡中城村字当間１７６,,,,
5000020473294,西原町,沖縄県中頭郡西原町字与那城１４０番地の１,,,,
8000020473481,与那原町,沖縄県島尻郡与那原町字上与那原１６,,,,
4000020473502,南風原町,沖縄県島尻郡南風原町字兼城６８６,,,,
2000020473537,渡嘉敷村,沖縄県島尻郡渡嘉敷村字渡嘉敷１８３,,,,
2000020473545,座間味村,沖縄県島尻郡座間味村字座間味１０９,,,,
2000020473553,粟国村,沖縄県島尻郡粟国村字東３６７,,,,
2000020473561,渡名喜村,沖縄県島尻郡渡名喜村１９１７－３,,,,
1000020473570,南大東村,沖縄県島尻郡南大東村字南１４４－１,,,,
9000020473588,北大東村,沖縄県島尻郡北大東村字中野２１８,,,,
9000020473596,伊平屋村,沖縄県島尻郡伊平屋村字我喜屋２５１,,,,
5000020473600,伊是名村,沖縄県島尻郡伊是名村字仲田１２０３,,,,
4000020473618,久米島町,沖縄県島尻郡久米島町字比嘉２８７０,,,,
4000020473626,八重瀬町,沖縄県島尻郡八重瀬町字東風平１１８８,,,,
4000020473758,多良間村,沖縄県宮古郡多良間村字仲筋９９－２,,,,
8000020473812,竹富町,沖縄県石垣市美崎町１１－１,,,,
7000020473821,与那国町,沖縄県八重山郡与那国町字与那国１２９,,,,